-11,-7,vnQiBmu4tp+5SQYtQNFoc0weFhE=,mbUbh0rlhP3403VA9qhS3CccYY4=
-11,-6,vnQiBmu4tp+5SQYtQNFoc0weFhE=,mbUbh0rlhP3403VA9qhS3CccYY4=
-10,-7,vnQiBmu4tp+5SQYtQNFoc0weFhE=,mbUbh0rlhP3403VA9qhS3CccYY4=
-10,-6,vnQiBmu4tp+5SQYtQNFoc0weFhE=,mbUbh0rlhP3403VA9qhS3CccYY4=
-15,-7,vnQiBmu4tp+5SQYtQNFoc0weFhE=,nN+L+yKrAIlOpilAO/gvoMcBKng=
-13,-6,vnQiBmu4tp+5SQYtQNFoc0weFhE=,nN+L+yKrAIlOpilAO/gvoMcBKng=
-14,-6,vnQiBmu4tp+5SQYtQNFoc0weFhE=,nN+L+yKrAIlOpilAO/gvoMcBKng=
-15,-6,vnQiBmu4tp+5SQYtQNFoc0weFhE=,nN+L+yKrAIlOpilAO/gvoMcBKng=
-13,-7,vnQiBmu4tp+5SQYtQNFoc0weFhE=,nN+L+yKrAIlOpilAO/gvoMcBKng=
-12,-7,vnQiBmu4tp+5SQYtQNFoc0weFhE=,mbUbh0rlhP3403VA9qhS3CccYY4=
-12,-6,vnQiBmu4tp+5SQYtQNFoc0weFhE=,mbUbh0rlhP3403VA9qhS3CccYY4=
-14,-7,vnQiBmu4tp+5SQYtQNFoc0weFhE=,nN+L+yKrAIlOpilAO/gvoMcBKng=
-14,-5,vnQiBmu4tp+5SQYtQNFoc0weFhE=,nN+L+yKrAIlOpilAO/gvoMcBKng=
-14,-4,vnQiBmu4tp+5SQYtQNFoc0weFhE=,OpJ8C7QwPJD3nYCwGYOVaFytYgs=
-15,-3,vnQiBmu4tp+5SQYtQNFoc0weFhE=,OpJ8C7QwPJD3nYCwGYOVaFytYgs=
-15,-4,vnQiBmu4tp+5SQYtQNFoc0weFhE=,OpJ8C7QwPJD3nYCwGYOVaFytYgs=
-10,-3,vnQiBmu4tp+5SQYtQNFoc0weFhE=,/f9D4Opx99O9OGpcdbo1iaEFE9k=
-15,-5,vnQiBmu4tp+5SQYtQNFoc0weFhE=,nN+L+yKrAIlOpilAO/gvoMcBKng=
-15,-2,vnQiBmu4tp+5SQYtQNFoc0weFhE=,OpJ8C7QwPJD3nYCwGYOVaFytYgs=
-14,-2,vnQiBmu4tp+5SQYtQNFoc0weFhE=,OpJ8C7QwPJD3nYCwGYOVaFytYgs=
-14,-3,vnQiBmu4tp+5SQYtQNFoc0weFhE=,OpJ8C7QwPJD3nYCwGYOVaFytYgs=
-12,-2,vnQiBmu4tp+5SQYtQNFoc0weFhE=,/f9D4Opx99O9OGpcdbo1iaEFE9k=
-13,-4,vnQiBmu4tp+5SQYtQNFoc0weFhE=,OpJ8C7QwPJD3nYCwGYOVaFytYgs=
-13,-5,vnQiBmu4tp+5SQYtQNFoc0weFhE=,nN+L+yKrAIlOpilAO/gvoMcBKng=
-11,-3,vnQiBmu4tp+5SQYtQNFoc0weFhE=,/f9D4Opx99O9OGpcdbo1iaEFE9k=
-12,-4,vnQiBmu4tp+5SQYtQNFoc0weFhE=,/f9D4Opx99O9OGpcdbo1iaEFE9k=
-12,-3,vnQiBmu4tp+5SQYtQNFoc0weFhE=,/f9D4Opx99O9OGpcdbo1iaEFE9k=
-10,-5,vnQiBmu4tp+5SQYtQNFoc0weFhE=,mbUbh0rlhP3403VA9qhS3CccYY4=
-13,-2,vnQiBmu4tp+5SQYtQNFoc0weFhE=,OpJ8C7QwPJD3nYCwGYOVaFytYgs=
-11,-5,vnQiBmu4tp+5SQYtQNFoc0weFhE=,mbUbh0rlhP3403VA9qhS3CccYY4=
-13,-3,vnQiBmu4tp+5SQYtQNFoc0weFhE=,OpJ8C7QwPJD3nYCwGYOVaFytYgs=
-12,-5,vnQiBmu4tp+5SQYtQNFoc0weFhE=,mbUbh0rlhP3403VA9qhS3CccYY4=
-10,-2,vnQiBmu4tp+5SQYtQNFoc0weFhE=,/f9D4Opx99O9OGpcdbo1iaEFE9k=
-10,-4,vnQiBmu4tp+5SQYtQNFoc0weFhE=,/f9D4Opx99O9OGpcdbo1iaEFE9k=
-11,-4,vnQiBmu4tp+5SQYtQNFoc0weFhE=,/f9D4Opx99O9OGpcdbo1iaEFE9k=
-11,-2,vnQiBmu4tp+5SQYtQNFoc0weFhE=,/f9D4Opx99O9OGpcdbo1iaEFE9k=
-10,-9,CN4k5dfAIjCC6fwmh/Se1cqTqOA=,rn/zEp6yZT0vHgC1kVjouP/2PM8=
-10,-10,CN4k5dfAIjCC6fwmh/Se1cqTqOA=,rn/zEp6yZT0vHgC1kVjouP/2PM8=
-11,-9,CN4k5dfAIjCC6fwmh/Se1cqTqOA=,rn/zEp6yZT0vHgC1kVjouP/2PM8=
-10,-11,CN4k5dfAIjCC6fwmh/Se1cqTqOA=,rn/zEp6yZT0vHgC1kVjouP/2PM8=
-11,-10,CN4k5dfAIjCC6fwmh/Se1cqTqOA=,rn/zEp6yZT0vHgC1kVjouP/2PM8=
-10,-8,CN4k5dfAIjCC6fwmh/Se1cqTqOA=,mbUbh0rlhP3403VA9qhS3CccYY4=
-11,-11,CN4k5dfAIjCC6fwmh/Se1cqTqOA=,rn/zEp6yZT0vHgC1kVjouP/2PM8=
-11,-8,CN4k5dfAIjCC6fwmh/Se1cqTqOA=,mbUbh0rlhP3403VA9qhS3CccYY4=
-15,-8,CN4k5dfAIjCC6fwmh/Se1cqTqOA=,nN+L+yKrAIlOpilAO/gvoMcBKng=
-13,-10,CN4k5dfAIjCC6fwmh/Se1cqTqOA=,aBOvmj3CmJwC10ejnWIe2Lkjcw8=
-15,-9,CN4k5dfAIjCC6fwmh/Se1cqTqOA=,aBOvmj3CmJwC10ejnWIe2Lkjcw8=
-14,-10,CN4k5dfAIjCC6fwmh/Se1cqTqOA=,aBOvmj3CmJwC10ejnWIe2Lkjcw8=
-15,-10,CN4k5dfAIjCC6fwmh/Se1cqTqOA=,aBOvmj3CmJwC10ejnWIe2Lkjcw8=
-12,-9,CN4k5dfAIjCC6fwmh/Se1cqTqOA=,rn/zEp6yZT0vHgC1kVjouP/2PM8=
-13,-11,CN4k5dfAIjCC6fwmh/Se1cqTqOA=,aBOvmj3CmJwC10ejnWIe2Lkjcw8=
-14,-8,CN4k5dfAIjCC6fwmh/Se1cqTqOA=,nN+L+yKrAIlOpilAO/gvoMcBKng=
-14,-11,CN4k5dfAIjCC6fwmh/Se1cqTqOA=,aBOvmj3CmJwC10ejnWIe2Lkjcw8=
-15,-11,CN4k5dfAIjCC6fwmh/Se1cqTqOA=,aBOvmj3CmJwC10ejnWIe2Lkjcw8=
-12,-11,CN4k5dfAIjCC6fwmh/Se1cqTqOA=,rn/zEp6yZT0vHgC1kVjouP/2PM8=
-12,-10,CN4k5dfAIjCC6fwmh/Se1cqTqOA=,rn/zEp6yZT0vHgC1kVjouP/2PM8=
-13,-8,CN4k5dfAIjCC6fwmh/Se1cqTqOA=,nN+L+yKrAIlOpilAO/gvoMcBKng=
-12,-8,CN4k5dfAIjCC6fwmh/Se1cqTqOA=,mbUbh0rlhP3403VA9qhS3CccYY4=
-14,-9,CN4k5dfAIjCC6fwmh/Se1cqTqOA=,aBOvmj3CmJwC10ejnWIe2Lkjcw8=
-13,-9,CN4k5dfAIjCC6fwmh/Se1cqTqOA=,aBOvmj3CmJwC10ejnWIe2Lkjcw8=
-10,-15,CN4k5dfAIjCC6fwmh/Se1cqTqOA=,CcfWR1BNsSolJ3AUsPSPdvRfInY=
-11,-15,CN4k5dfAIjCC6fwmh/Se1cqTqOA=,CcfWR1BNsSolJ3AUsPSPdvRfInY=
-10,-13,CN4k5dfAIjCC6fwmh/Se1cqTqOA=,CcfWR1BNsSolJ3AUsPSPdvRfInY=
-11,-14,CN4k5dfAIjCC6fwmh/Se1cqTqOA=,CcfWR1BNsSolJ3AUsPSPdvRfInY=
-11,-13,CN4k5dfAIjCC6fwmh/Se1cqTqOA=,CcfWR1BNsSolJ3AUsPSPdvRfInY=
-10,-14,CN4k5dfAIjCC6fwmh/Se1cqTqOA=,CcfWR1BNsSolJ3AUsPSPdvRfInY=
-11,-12,CN4k5dfAIjCC6fwmh/Se1cqTqOA=,rn/zEp6yZT0vHgC1kVjouP/2PM8=
-10,-12,CN4k5dfAIjCC6fwmh/Se1cqTqOA=,rn/zEp6yZT0vHgC1kVjouP/2PM8=
-12,-14,CN4k5dfAIjCC6fwmh/Se1cqTqOA=,CcfWR1BNsSolJ3AUsPSPdvRfInY=
-15,-13,CN4k5dfAIjCC6fwmh/Se1cqTqOA=,NQKzKjnWL3wyjZZ9qxAU1PUgSYM=
-15,-14,CN4k5dfAIjCC6fwmh/Se1cqTqOA=,NQKzKjnWL3wyjZZ9qxAU1PUgSYM=
-13,-14,CN4k5dfAIjCC6fwmh/Se1cqTqOA=,NQKzKjnWL3wyjZZ9qxAU1PUgSYM=
-14,-14,CN4k5dfAIjCC6fwmh/Se1cqTqOA=,NQKzKjnWL3wyjZZ9qxAU1PUgSYM=
-13,-15,CN4k5dfAIjCC6fwmh/Se1cqTqOA=,NQKzKjnWL3wyjZZ9qxAU1PUgSYM=
-14,-13,CN4k5dfAIjCC6fwmh/Se1cqTqOA=,NQKzKjnWL3wyjZZ9qxAU1PUgSYM=
-12,-15,CN4k5dfAIjCC6fwmh/Se1cqTqOA=,CcfWR1BNsSolJ3AUsPSPdvRfInY=
-13,-12,CN4k5dfAIjCC6fwmh/Se1cqTqOA=,aBOvmj3CmJwC10ejnWIe2Lkjcw8=
-14,-12,CN4k5dfAIjCC6fwmh/Se1cqTqOA=,aBOvmj3CmJwC10ejnWIe2Lkjcw8=
-14,-15,CN4k5dfAIjCC6fwmh/Se1cqTqOA=,NQKzKjnWL3wyjZZ9qxAU1PUgSYM=
-13,-13,CN4k5dfAIjCC6fwmh/Se1cqTqOA=,NQKzKjnWL3wyjZZ9qxAU1PUgSYM=
-15,-15,CN4k5dfAIjCC6fwmh/Se1cqTqOA=,NQKzKjnWL3wyjZZ9qxAU1PUgSYM=
-12,-13,CN4k5dfAIjCC6fwmh/Se1cqTqOA=,CcfWR1BNsSolJ3AUsPSPdvRfInY=
-12,-12,CN4k5dfAIjCC6fwmh/Se1cqTqOA=,rn/zEp6yZT0vHgC1kVjouP/2PM8=
-15,-12,CN4k5dfAIjCC6fwmh/Se1cqTqOA=,aBOvmj3CmJwC10ejnWIe2Lkjcw8=
-3,-11,Gq1FhSDg6S9t+yi/hWJRlb8h9lk=,x2cuXxaG6uvOid1GoSXyTriVU/Y=
-2,-11,Gq1FhSDg6S9t+yi/hWJRlb8h9lk=,x2cuXxaG6uvOid1GoSXyTriVU/Y=
-2,-10,CN4k5dfAIjCC6fwmh/Se1cqTqOA=,x2cuXxaG6uvOid1GoSXyTriVU/Y=
-3,-10,CN4k5dfAIjCC6fwmh/Se1cqTqOA=,x2cuXxaG6uvOid1GoSXyTriVU/Y=
-2,-15,CN4k5dfAIjCC6fwmh/Se1cqTqOA=,nJQ0fo8ODvEf/MgrDizKk1DVAlk=
-3,-15,CN4k5dfAIjCC6fwmh/Se1cqTqOA=,nJQ0fo8ODvEf/MgrDizKk1DVAlk=
-3,-12,CN4k5dfAIjCC6fwmh/Se1cqTqOA=,x2cuXxaG6uvOid1GoSXyTriVU/Y=
-2,-13,CN4k5dfAIjCC6fwmh/Se1cqTqOA=,nJQ0fo8ODvEf/MgrDizKk1DVAlk=
-3,-13,CN4k5dfAIjCC6fwmh/Se1cqTqOA=,nJQ0fo8ODvEf/MgrDizKk1DVAlk=
-2,-12,CN4k5dfAIjCC6fwmh/Se1cqTqOA=,x2cuXxaG6uvOid1GoSXyTriVU/Y=
-2,-14,CN4k5dfAIjCC6fwmh/Se1cqTqOA=,nJQ0fo8ODvEf/MgrDizKk1DVAlk=
-3,-14,CN4k5dfAIjCC6fwmh/Se1cqTqOA=,nJQ0fo8ODvEf/MgrDizKk1DVAlk=
-4,-10,CN4k5dfAIjCC6fwmh/Se1cqTqOA=,x2cuXxaG6uvOid1GoSXyTriVU/Y=
-5,-10,Gq1FhSDg6S9t+yi/hWJRlb8h9lk=,KCeiVF5IT37Z7KfNc8tRsbUxAUo=
-9,-10,CN4k5dfAIjCC6fwmh/Se1cqTqOA=,rn/zEp6yZT0vHgC1kVjouP/2PM8=
-8,-11,CN4k5dfAIjCC6fwmh/Se1cqTqOA=,KCeiVF5IT37Z7KfNc8tRsbUxAUo=
-7,-10,Gq1FhSDg6S9t+yi/hWJRlb8h9lk=,KCeiVF5IT37Z7KfNc8tRsbUxAUo=
-6,-10,Gq1FhSDg6S9t+yi/hWJRlb8h9lk=,KCeiVF5IT37Z7KfNc8tRsbUxAUo=
-8,-10,CN4k5dfAIjCC6fwmh/Se1cqTqOA=,KCeiVF5IT37Z7KfNc8tRsbUxAUo=
-5,-11,Gq1FhSDg6S9t+yi/hWJRlb8h9lk=,KCeiVF5IT37Z7KfNc8tRsbUxAUo=
-6,-11,Gq1FhSDg6S9t+yi/hWJRlb8h9lk=,KCeiVF5IT37Z7KfNc8tRsbUxAUo=
-9,-11,CN4k5dfAIjCC6fwmh/Se1cqTqOA=,rn/zEp6yZT0vHgC1kVjouP/2PM8=
-7,-11,Gq1FhSDg6S9t+yi/hWJRlb8h9lk=,KCeiVF5IT37Z7KfNc8tRsbUxAUo=
-4,-11,Gq1FhSDg6S9t+yi/hWJRlb8h9lk=,x2cuXxaG6uvOid1GoSXyTriVU/Y=
-7,-15,CN4k5dfAIjCC6fwmh/Se1cqTqOA=,zF+ZN0hu5p4tbIF9C5I8JFqXvRo=
-7,-13,CN4k5dfAIjCC6fwmh/Se1cqTqOA=,zF+ZN0hu5p4tbIF9C5I8JFqXvRo=
-4,-15,CN4k5dfAIjCC6fwmh/Se1cqTqOA=,nJQ0fo8ODvEf/MgrDizKk1DVAlk=
-8,-15,CN4k5dfAIjCC6fwmh/Se1cqTqOA=,zF+ZN0hu5p4tbIF9C5I8JFqXvRo=
-4,-14,CN4k5dfAIjCC6fwmh/Se1cqTqOA=,nJQ0fo8ODvEf/MgrDizKk1DVAlk=
-8,-13,CN4k5dfAIjCC6fwmh/Se1cqTqOA=,zF+ZN0hu5p4tbIF9C5I8JFqXvRo=
-4,-12,CN4k5dfAIjCC6fwmh/Se1cqTqOA=,x2cuXxaG6uvOid1GoSXyTriVU/Y=
-6,-13,CN4k5dfAIjCC6fwmh/Se1cqTqOA=,zF+ZN0hu5p4tbIF9C5I8JFqXvRo=
-5,-14,CN4k5dfAIjCC6fwmh/Se1cqTqOA=,zF+ZN0hu5p4tbIF9C5I8JFqXvRo=
-9,-13,CN4k5dfAIjCC6fwmh/Se1cqTqOA=,CcfWR1BNsSolJ3AUsPSPdvRfInY=
-6,-14,CN4k5dfAIjCC6fwmh/Se1cqTqOA=,zF+ZN0hu5p4tbIF9C5I8JFqXvRo=
-5,-13,CN4k5dfAIjCC6fwmh/Se1cqTqOA=,zF+ZN0hu5p4tbIF9C5I8JFqXvRo=
-4,-13,CN4k5dfAIjCC6fwmh/Se1cqTqOA=,nJQ0fo8ODvEf/MgrDizKk1DVAlk=
-9,-15,CN4k5dfAIjCC6fwmh/Se1cqTqOA=,CcfWR1BNsSolJ3AUsPSPdvRfInY=
-5,-12,CN4k5dfAIjCC6fwmh/Se1cqTqOA=,KCeiVF5IT37Z7KfNc8tRsbUxAUo=
-9,-12,CN4k5dfAIjCC6fwmh/Se1cqTqOA=,rn/zEp6yZT0vHgC1kVjouP/2PM8=
-7,-14,CN4k5dfAIjCC6fwmh/Se1cqTqOA=,zF+ZN0hu5p4tbIF9C5I8JFqXvRo=
-9,-14,CN4k5dfAIjCC6fwmh/Se1cqTqOA=,CcfWR1BNsSolJ3AUsPSPdvRfInY=
-8,-12,CN4k5dfAIjCC6fwmh/Se1cqTqOA=,KCeiVF5IT37Z7KfNc8tRsbUxAUo=
-8,-14,CN4k5dfAIjCC6fwmh/Se1cqTqOA=,zF+ZN0hu5p4tbIF9C5I8JFqXvRo=
-6,-12,CN4k5dfAIjCC6fwmh/Se1cqTqOA=,KCeiVF5IT37Z7KfNc8tRsbUxAUo=
-5,-15,CN4k5dfAIjCC6fwmh/Se1cqTqOA=,zF+ZN0hu5p4tbIF9C5I8JFqXvRo=
-7,-12,CN4k5dfAIjCC6fwmh/Se1cqTqOA=,KCeiVF5IT37Z7KfNc8tRsbUxAUo=
-6,-15,Gq1FhSDg6S9t+yi/hWJRlb8h9lk=,zF+ZN0hu5p4tbIF9C5I8JFqXvRo=
-2,-7,KU4IjykQs67eKdp9uBpYsgBPt/I=,oZJ+RPHUqlRCaDytPzltR1f6rCY=
-2,-8,Gq1FhSDg6S9t+yi/hWJRlb8h9lk=,oZJ+RPHUqlRCaDytPzltR1f6rCY=
-3,-8,Gq1FhSDg6S9t+yi/hWJRlb8h9lk=,oZJ+RPHUqlRCaDytPzltR1f6rCY=
-2,-9,CN4k5dfAIjCC6fwmh/Se1cqTqOA=,x2cuXxaG6uvOid1GoSXyTriVU/Y=
-3,-9,CN4k5dfAIjCC6fwmh/Se1cqTqOA=,x2cuXxaG6uvOid1GoSXyTriVU/Y=
-2,-6,KU4IjykQs67eKdp9uBpYsgBPt/I=,oZJ+RPHUqlRCaDytPzltR1f6rCY=
-3,-7,KU4IjykQs67eKdp9uBpYsgBPt/I=,oZJ+RPHUqlRCaDytPzltR1f6rCY=
-3,-6,KU4IjykQs67eKdp9uBpYsgBPt/I=,oZJ+RPHUqlRCaDytPzltR1f6rCY=
-1,-7,CN4k5dfAIjCC6fwmh/Se1cqTqOA=,oZJ+RPHUqlRCaDytPzltR1f6rCY=
-1,-6,CN4k5dfAIjCC6fwmh/Se1cqTqOA=,oZJ+RPHUqlRCaDytPzltR1f6rCY=
-6,-9,Gq1FhSDg6S9t+yi/hWJRlb8h9lk=,KCeiVF5IT37Z7KfNc8tRsbUxAUo=
-7,-7,KU4IjykQs67eKdp9uBpYsgBPt/I=,oxqFncjI6r1L6e2nOpWQvc703/A=
-7,-9,Gq1FhSDg6S9t+yi/hWJRlb8h9lk=,KCeiVF5IT37Z7KfNc8tRsbUxAUo=
-5,-9,CN4k5dfAIjCC6fwmh/Se1cqTqOA=,KCeiVF5IT37Z7KfNc8tRsbUxAUo=
-4,-8,Gq1FhSDg6S9t+yi/hWJRlb8h9lk=,oZJ+RPHUqlRCaDytPzltR1f6rCY=
-5,-8,CN4k5dfAIjCC6fwmh/Se1cqTqOA=,oxqFncjI6r1L6e2nOpWQvc703/A=
-8,-7,KU4IjykQs67eKdp9uBpYsgBPt/I=,oxqFncjI6r1L6e2nOpWQvc703/A=
-6,-7,KU4IjykQs67eKdp9uBpYsgBPt/I=,oxqFncjI6r1L6e2nOpWQvc703/A=
-6,-8,Gq1FhSDg6S9t+yi/hWJRlb8h9lk=,oxqFncjI6r1L6e2nOpWQvc703/A=
-8,-8,CN4k5dfAIjCC6fwmh/Se1cqTqOA=,oxqFncjI6r1L6e2nOpWQvc703/A=
-7,-8,Gq1FhSDg6S9t+yi/hWJRlb8h9lk=,oxqFncjI6r1L6e2nOpWQvc703/A=
-5,-7,KU4IjykQs67eKdp9uBpYsgBPt/I=,oxqFncjI6r1L6e2nOpWQvc703/A=
-8,-9,CN4k5dfAIjCC6fwmh/Se1cqTqOA=,KCeiVF5IT37Z7KfNc8tRsbUxAUo=
-9,-9,CN4k5dfAIjCC6fwmh/Se1cqTqOA=,rn/zEp6yZT0vHgC1kVjouP/2PM8=
-9,-6,KU4IjykQs67eKdp9uBpYsgBPt/I=,mbUbh0rlhP3403VA9qhS3CccYY4=
-4,-7,KU4IjykQs67eKdp9uBpYsgBPt/I=,oZJ+RPHUqlRCaDytPzltR1f6rCY=
-9,-7,KU4IjykQs67eKdp9uBpYsgBPt/I=,mbUbh0rlhP3403VA9qhS3CccYY4=
-4,-6,KU4IjykQs67eKdp9uBpYsgBPt/I=,oZJ+RPHUqlRCaDytPzltR1f6rCY=
-5,-6,KU4IjykQs67eKdp9uBpYsgBPt/I=,oxqFncjI6r1L6e2nOpWQvc703/A=
-6,-6,KU4IjykQs67eKdp9uBpYsgBPt/I=,oxqFncjI6r1L6e2nOpWQvc703/A=
-8,-6,KU4IjykQs67eKdp9uBpYsgBPt/I=,oxqFncjI6r1L6e2nOpWQvc703/A=
-3,-4,KU4IjykQs67eKdp9uBpYsgBPt/I=,8ieRhqA108suuZT0Q/Gp/nrTnfw=
-9,-8,CN4k5dfAIjCC6fwmh/Se1cqTqOA=,mbUbh0rlhP3403VA9qhS3CccYY4=
-4,-9,CN4k5dfAIjCC6fwmh/Se1cqTqOA=,x2cuXxaG6uvOid1GoSXyTriVU/Y=
-7,-6,KU4IjykQs67eKdp9uBpYsgBPt/I=,oxqFncjI6r1L6e2nOpWQvc703/A=
-2,-3,KU4IjykQs67eKdp9uBpYsgBPt/I=,8ieRhqA108suuZT0Q/Gp/nrTnfw=
-2,-5,KU4IjykQs67eKdp9uBpYsgBPt/I=,oZJ+RPHUqlRCaDytPzltR1f6rCY=
-3,-2,KU4IjykQs67eKdp9uBpYsgBPt/I=,8ieRhqA108suuZT0Q/Gp/nrTnfw=
-3,-5,KU4IjykQs67eKdp9uBpYsgBPt/I=,oZJ+RPHUqlRCaDytPzltR1f6rCY=
-3,-3,KU4IjykQs67eKdp9uBpYsgBPt/I=,8ieRhqA108suuZT0Q/Gp/nrTnfw=
-2,-2,KU4IjykQs67eKdp9uBpYsgBPt/I=,8ieRhqA108suuZT0Q/Gp/nrTnfw=
-2,-4,KU4IjykQs67eKdp9uBpYsgBPt/I=,8ieRhqA108suuZT0Q/Gp/nrTnfw=
-4,-4,KU4IjykQs67eKdp9uBpYsgBPt/I=,8ieRhqA108suuZT0Q/Gp/nrTnfw=
-4,-2,KU4IjykQs67eKdp9uBpYsgBPt/I=,8ieRhqA108suuZT0Q/Gp/nrTnfw=
-4,-3,KU4IjykQs67eKdp9uBpYsgBPt/I=,8ieRhqA108suuZT0Q/Gp/nrTnfw=
-9,-5,KU4IjykQs67eKdp9uBpYsgBPt/I=,mbUbh0rlhP3403VA9qhS3CccYY4=
-8,-3,KU4IjykQs67eKdp9uBpYsgBPt/I=,X0lD+G2L0zZ5UfcCX7xRsHRqvww=
-7,-3,KU4IjykQs67eKdp9uBpYsgBPt/I=,X0lD+G2L0zZ5UfcCX7xRsHRqvww=
-7,-4,KU4IjykQs67eKdp9uBpYsgBPt/I=,X0lD+G2L0zZ5UfcCX7xRsHRqvww=
-6,-3,KU4IjykQs67eKdp9uBpYsgBPt/I=,X0lD+G2L0zZ5UfcCX7xRsHRqvww=
-6,-4,KU4IjykQs67eKdp9uBpYsgBPt/I=,X0lD+G2L0zZ5UfcCX7xRsHRqvww=
-6,-1,CN4k5dfAIjCC6fwmh/Se1cqTqOA=,X0lD+G2L0zZ5UfcCX7xRsHRqvww=
-5,-4,KU4IjykQs67eKdp9uBpYsgBPt/I=,X0lD+G2L0zZ5UfcCX7xRsHRqvww=
-5,-3,KU4IjykQs67eKdp9uBpYsgBPt/I=,X0lD+G2L0zZ5UfcCX7xRsHRqvww=
-9,-4,KU4IjykQs67eKdp9uBpYsgBPt/I=,/f9D4Opx99O9OGpcdbo1iaEFE9k=
-7,-1,CN4k5dfAIjCC6fwmh/Se1cqTqOA=,X0lD+G2L0zZ5UfcCX7xRsHRqvww=
-8,-4,KU4IjykQs67eKdp9uBpYsgBPt/I=,X0lD+G2L0zZ5UfcCX7xRsHRqvww=
-9,-2,KU4IjykQs67eKdp9uBpYsgBPt/I=,/f9D4Opx99O9OGpcdbo1iaEFE9k=
-8,-2,KU4IjykQs67eKdp9uBpYsgBPt/I=,X0lD+G2L0zZ5UfcCX7xRsHRqvww=
-5,-5,KU4IjykQs67eKdp9uBpYsgBPt/I=,oxqFncjI6r1L6e2nOpWQvc703/A=
-6,-2,KU4IjykQs67eKdp9uBpYsgBPt/I=,X0lD+G2L0zZ5UfcCX7xRsHRqvww=
-5,-2,KU4IjykQs67eKdp9uBpYsgBPt/I=,X0lD+G2L0zZ5UfcCX7xRsHRqvww=
-4,-5,KU4IjykQs67eKdp9uBpYsgBPt/I=,oZJ+RPHUqlRCaDytPzltR1f6rCY=
-6,-5,KU4IjykQs67eKdp9uBpYsgBPt/I=,oxqFncjI6r1L6e2nOpWQvc703/A=
-7,-5,KU4IjykQs67eKdp9uBpYsgBPt/I=,oxqFncjI6r1L6e2nOpWQvc703/A=
-8,-5,KU4IjykQs67eKdp9uBpYsgBPt/I=,oxqFncjI6r1L6e2nOpWQvc703/A=
-9,-3,KU4IjykQs67eKdp9uBpYsgBPt/I=,/f9D4Opx99O9OGpcdbo1iaEFE9k=
-7,-2,KU4IjykQs67eKdp9uBpYsgBPt/I=,X0lD+G2L0zZ5UfcCX7xRsHRqvww=
-1,-5,CN4k5dfAIjCC6fwmh/Se1cqTqOA=,oZJ+RPHUqlRCaDytPzltR1f6rCY=
-4,-1,CN4k5dfAIjCC6fwmh/Se1cqTqOA=,8ieRhqA108suuZT0Q/Gp/nrTnfw=
-2,-1,CN4k5dfAIjCC6fwmh/Se1cqTqOA=,8ieRhqA108suuZT0Q/Gp/nrTnfw=
-1,-3,CN4k5dfAIjCC6fwmh/Se1cqTqOA=,8ieRhqA108suuZT0Q/Gp/nrTnfw=
-1,-2,CN4k5dfAIjCC6fwmh/Se1cqTqOA=,8ieRhqA108suuZT0Q/Gp/nrTnfw=
-1,-4,CN4k5dfAIjCC6fwmh/Se1cqTqOA=,8ieRhqA108suuZT0Q/Gp/nrTnfw=
-5,-1,CN4k5dfAIjCC6fwmh/Se1cqTqOA=,X0lD+G2L0zZ5UfcCX7xRsHRqvww=
-3,-1,CN4k5dfAIjCC6fwmh/Se1cqTqOA=,8ieRhqA108suuZT0Q/Gp/nrTnfw=
-1,-1,CN4k5dfAIjCC6fwmh/Se1cqTqOA=,8ieRhqA108suuZT0Q/Gp/nrTnfw=
-11,-1,CN4k5dfAIjCC6fwmh/Se1cqTqOA=,/f9D4Opx99O9OGpcdbo1iaEFE9k=
-9,-1,CN4k5dfAIjCC6fwmh/Se1cqTqOA=,/f9D4Opx99O9OGpcdbo1iaEFE9k=
-8,-1,CN4k5dfAIjCC6fwmh/Se1cqTqOA=,X0lD+G2L0zZ5UfcCX7xRsHRqvww=
-12,-1,CN4k5dfAIjCC6fwmh/Se1cqTqOA=,/f9D4Opx99O9OGpcdbo1iaEFE9k=
-10,-1,CN4k5dfAIjCC6fwmh/Se1cqTqOA=,/f9D4Opx99O9OGpcdbo1iaEFE9k=
-14,-1,CN4k5dfAIjCC6fwmh/Se1cqTqOA=,OpJ8C7QwPJD3nYCwGYOVaFytYgs=
-13,-1,CN4k5dfAIjCC6fwmh/Se1cqTqOA=,OpJ8C7QwPJD3nYCwGYOVaFytYgs=
-15,-1,CN4k5dfAIjCC6fwmh/Se1cqTqOA=,OpJ8C7QwPJD3nYCwGYOVaFytYgs=
-16,-3,CN4k5dfAIjCC6fwmh/Se1cqTqOA=,OpJ8C7QwPJD3nYCwGYOVaFytYgs=
-16,-2,CN4k5dfAIjCC6fwmh/Se1cqTqOA=,OpJ8C7QwPJD3nYCwGYOVaFytYgs=
-16,-7,CN4k5dfAIjCC6fwmh/Se1cqTqOA=,nN+L+yKrAIlOpilAO/gvoMcBKng=
-16,-6,CN4k5dfAIjCC6fwmh/Se1cqTqOA=,nN+L+yKrAIlOpilAO/gvoMcBKng=
-16,-5,CN4k5dfAIjCC6fwmh/Se1cqTqOA=,nN+L+yKrAIlOpilAO/gvoMcBKng=
-16,-4,CN4k5dfAIjCC6fwmh/Se1cqTqOA=,OpJ8C7QwPJD3nYCwGYOVaFytYgs=
-16,-10,CN4k5dfAIjCC6fwmh/Se1cqTqOA=,aBOvmj3CmJwC10ejnWIe2Lkjcw8=
-16,-9,CN4k5dfAIjCC6fwmh/Se1cqTqOA=,aBOvmj3CmJwC10ejnWIe2Lkjcw8=
-16,-11,CN4k5dfAIjCC6fwmh/Se1cqTqOA=,aBOvmj3CmJwC10ejnWIe2Lkjcw8=
-16,-8,CN4k5dfAIjCC6fwmh/Se1cqTqOA=,nN+L+yKrAIlOpilAO/gvoMcBKng=
-16,-12,CN4k5dfAIjCC6fwmh/Se1cqTqOA=,aBOvmj3CmJwC10ejnWIe2Lkjcw8=
-16,-15,CN4k5dfAIjCC6fwmh/Se1cqTqOA=,NQKzKjnWL3wyjZZ9qxAU1PUgSYM=
-16,-13,CN4k5dfAIjCC6fwmh/Se1cqTqOA=,NQKzKjnWL3wyjZZ9qxAU1PUgSYM=
-16,-14,CN4k5dfAIjCC6fwmh/Se1cqTqOA=,NQKzKjnWL3wyjZZ9qxAU1PUgSYM=
-15,-16,CN4k5dfAIjCC6fwmh/Se1cqTqOA=,NQKzKjnWL3wyjZZ9qxAU1PUgSYM=
-11,-16,CN4k5dfAIjCC6fwmh/Se1cqTqOA=,CcfWR1BNsSolJ3AUsPSPdvRfInY=
-14,-16,CN4k5dfAIjCC6fwmh/Se1cqTqOA=,NQKzKjnWL3wyjZZ9qxAU1PUgSYM=
-13,-16,CN4k5dfAIjCC6fwmh/Se1cqTqOA=,NQKzKjnWL3wyjZZ9qxAU1PUgSYM=
-12,-16,CN4k5dfAIjCC6fwmh/Se1cqTqOA=,CcfWR1BNsSolJ3AUsPSPdvRfInY=
-10,-16,CN4k5dfAIjCC6fwmh/Se1cqTqOA=,CcfWR1BNsSolJ3AUsPSPdvRfInY=
-9,-16,CN4k5dfAIjCC6fwmh/Se1cqTqOA=,CcfWR1BNsSolJ3AUsPSPdvRfInY=
-6,-16,CN4k5dfAIjCC6fwmh/Se1cqTqOA=,zF+ZN0hu5p4tbIF9C5I8JFqXvRo=
-7,-16,CN4k5dfAIjCC6fwmh/Se1cqTqOA=,zF+ZN0hu5p4tbIF9C5I8JFqXvRo=
-1,-14,CN4k5dfAIjCC6fwmh/Se1cqTqOA=,nJQ0fo8ODvEf/MgrDizKk1DVAlk=
-1,-15,CN4k5dfAIjCC6fwmh/Se1cqTqOA=,nJQ0fo8ODvEf/MgrDizKk1DVAlk=
-4,-16,CN4k5dfAIjCC6fwmh/Se1cqTqOA=,nJQ0fo8ODvEf/MgrDizKk1DVAlk=
-16,-16,CN4k5dfAIjCC6fwmh/Se1cqTqOA=,NQKzKjnWL3wyjZZ9qxAU1PUgSYM=
-1,-12,CN4k5dfAIjCC6fwmh/Se1cqTqOA=,x2cuXxaG6uvOid1GoSXyTriVU/Y=
-5,-16,CN4k5dfAIjCC6fwmh/Se1cqTqOA=,zF+ZN0hu5p4tbIF9C5I8JFqXvRo=
-16,-1,CN4k5dfAIjCC6fwmh/Se1cqTqOA=,OpJ8C7QwPJD3nYCwGYOVaFytYgs=
-1,-16,CN4k5dfAIjCC6fwmh/Se1cqTqOA=,nJQ0fo8ODvEf/MgrDizKk1DVAlk=
-2,-16,CN4k5dfAIjCC6fwmh/Se1cqTqOA=,nJQ0fo8ODvEf/MgrDizKk1DVAlk=
-3,-16,CN4k5dfAIjCC6fwmh/Se1cqTqOA=,nJQ0fo8ODvEf/MgrDizKk1DVAlk=
-8,-16,CN4k5dfAIjCC6fwmh/Se1cqTqOA=,zF+ZN0hu5p4tbIF9C5I8JFqXvRo=
-1,-8,CN4k5dfAIjCC6fwmh/Se1cqTqOA=,oZJ+RPHUqlRCaDytPzltR1f6rCY=
-1,-9,CN4k5dfAIjCC6fwmh/Se1cqTqOA=,x2cuXxaG6uvOid1GoSXyTriVU/Y=
-1,-10,CN4k5dfAIjCC6fwmh/Se1cqTqOA=,x2cuXxaG6uvOid1GoSXyTriVU/Y=
-1,-13,CN4k5dfAIjCC6fwmh/Se1cqTqOA=,nJQ0fo8ODvEf/MgrDizKk1DVAlk=
-1,-11,CN4k5dfAIjCC6fwmh/Se1cqTqOA=,x2cuXxaG6uvOid1GoSXyTriVU/Y=
-11,-19,9xRwdLj4KkYOqnK6OYLYfzws1gA=,dqe6W9/ubWbNFCvgIKvPLtUONPU=
-10,-18,9xRwdLj4KkYOqnK6OYLYfzws1gA=,dqe6W9/ubWbNFCvgIKvPLtUONPU=
-11,-18,9xRwdLj4KkYOqnK6OYLYfzws1gA=,dqe6W9/ubWbNFCvgIKvPLtUONPU=
-10,-19,9xRwdLj4KkYOqnK6OYLYfzws1gA=,dqe6W9/ubWbNFCvgIKvPLtUONPU=
-12,-19,Abt9kASfgzEwJYG30Pjrns9pTuU=,dqe6W9/ubWbNFCvgIKvPLtUONPU=
-13,-18,Abt9kASfgzEwJYG30Pjrns9pTuU=,ZALOJNl+HGl+TB2C17ZcqW7T1yU=
-14,-18,Abt9kASfgzEwJYG30Pjrns9pTuU=,ZALOJNl+HGl+TB2C17ZcqW7T1yU=
-15,-18,ebWt4GNjHYUwKGxzWgdxj0fhqz4=,ZALOJNl+HGl+TB2C17ZcqW7T1yU=
-13,-19,ebWt4GNjHYUwKGxzWgdxj0fhqz4=,ZALOJNl+HGl+TB2C17ZcqW7T1yU=
-12,-18,Abt9kASfgzEwJYG30Pjrns9pTuU=,dqe6W9/ubWbNFCvgIKvPLtUONPU=
-14,-19,Abt9kASfgzEwJYG30Pjrns9pTuU=,ZALOJNl+HGl+TB2C17ZcqW7T1yU=
-15,-19,Abt9kASfgzEwJYG30Pjrns9pTuU=,ZALOJNl+HGl+TB2C17ZcqW7T1yU=
-14,-22,Abt9kASfgzEwJYG30Pjrns9pTuU=,hrwEfpCUoJX2fFgDA86aHHDeA1o=
-15,-21,Abt9kASfgzEwJYG30Pjrns9pTuU=,hrwEfpCUoJX2fFgDA86aHHDeA1o=
-14,-20,Abt9kASfgzEwJYG30Pjrns9pTuU=,ZALOJNl+HGl+TB2C17ZcqW7T1yU=
-12,-21,ebWt4GNjHYUwKGxzWgdxj0fhqz4=,tIYEppLr8DXmivVAKujWJVpzDCM=
-14,-21,ebWt4GNjHYUwKGxzWgdxj0fhqz4=,hrwEfpCUoJX2fFgDA86aHHDeA1o=
-15,-22,Abt9kASfgzEwJYG30Pjrns9pTuU=,hrwEfpCUoJX2fFgDA86aHHDeA1o=
-13,-21,ebWt4GNjHYUwKGxzWgdxj0fhqz4=,hrwEfpCUoJX2fFgDA86aHHDeA1o=
-15,-23,Abt9kASfgzEwJYG30Pjrns9pTuU=,hrwEfpCUoJX2fFgDA86aHHDeA1o=
-14,-23,Abt9kASfgzEwJYG30Pjrns9pTuU=,hrwEfpCUoJX2fFgDA86aHHDeA1o=
-15,-20,Abt9kASfgzEwJYG30Pjrns9pTuU=,ZALOJNl+HGl+TB2C17ZcqW7T1yU=
-10,-22,jAJB3wwzvcjxSsSlzmVKjQR+rmQ=,tIYEppLr8DXmivVAKujWJVpzDCM=
-12,-20,Abt9kASfgzEwJYG30Pjrns9pTuU=,dqe6W9/ubWbNFCvgIKvPLtUONPU=
-13,-22,Abt9kASfgzEwJYG30Pjrns9pTuU=,hrwEfpCUoJX2fFgDA86aHHDeA1o=
-11,-20,9xRwdLj4KkYOqnK6OYLYfzws1gA=,dqe6W9/ubWbNFCvgIKvPLtUONPU=
-13,-20,Abt9kASfgzEwJYG30Pjrns9pTuU=,ZALOJNl+HGl+TB2C17ZcqW7T1yU=
-11,-22,jAJB3wwzvcjxSsSlzmVKjQR+rmQ=,tIYEppLr8DXmivVAKujWJVpzDCM=
-12,-23,Abt9kASfgzEwJYG30Pjrns9pTuU=,tIYEppLr8DXmivVAKujWJVpzDCM=
-12,-22,Abt9kASfgzEwJYG30Pjrns9pTuU=,tIYEppLr8DXmivVAKujWJVpzDCM=
-11,-23,jAJB3wwzvcjxSsSlzmVKjQR+rmQ=,tIYEppLr8DXmivVAKujWJVpzDCM=
-10,-23,jAJB3wwzvcjxSsSlzmVKjQR+rmQ=,tIYEppLr8DXmivVAKujWJVpzDCM=
-10,-20,9xRwdLj4KkYOqnK6OYLYfzws1gA=,dqe6W9/ubWbNFCvgIKvPLtUONPU=
-10,-21,9xRwdLj4KkYOqnK6OYLYfzws1gA=,tIYEppLr8DXmivVAKujWJVpzDCM=
-13,-23,Abt9kASfgzEwJYG30Pjrns9pTuU=,hrwEfpCUoJX2fFgDA86aHHDeA1o=
-11,-21,9xRwdLj4KkYOqnK6OYLYfzws1gA=,tIYEppLr8DXmivVAKujWJVpzDCM=
-15,-27,9xRwdLj4KkYOqnK6OYLYfzws1gA=,XnNWIXWdkMIGslWCeJ1D9iUXkxk=
-14,-28,ebWt4GNjHYUwKGxzWgdxj0fhqz4=,XnNWIXWdkMIGslWCeJ1D9iUXkxk=
-15,-24,Abt9kASfgzEwJYG30Pjrns9pTuU=,hrwEfpCUoJX2fFgDA86aHHDeA1o=
-14,-24,Abt9kASfgzEwJYG30Pjrns9pTuU=,hrwEfpCUoJX2fFgDA86aHHDeA1o=
-15,-28,ebWt4GNjHYUwKGxzWgdxj0fhqz4=,XnNWIXWdkMIGslWCeJ1D9iUXkxk=
-14,-25,Abt9kASfgzEwJYG30Pjrns9pTuU=,XnNWIXWdkMIGslWCeJ1D9iUXkxk=
-15,-25,Abt9kASfgzEwJYG30Pjrns9pTuU=,XnNWIXWdkMIGslWCeJ1D9iUXkxk=
-12,-25,Abt9kASfgzEwJYG30Pjrns9pTuU=,b3evVgudacmOq3rGI2x27U6OROM=
-14,-26,9xRwdLj4KkYOqnK6OYLYfzws1gA=,XnNWIXWdkMIGslWCeJ1D9iUXkxk=
-13,-28,ebWt4GNjHYUwKGxzWgdxj0fhqz4=,XnNWIXWdkMIGslWCeJ1D9iUXkxk=
-15,-26,9xRwdLj4KkYOqnK6OYLYfzws1gA=,XnNWIXWdkMIGslWCeJ1D9iUXkxk=
-14,-27,9xRwdLj4KkYOqnK6OYLYfzws1gA=,XnNWIXWdkMIGslWCeJ1D9iUXkxk=
-12,-24,Abt9kASfgzEwJYG30Pjrns9pTuU=,tIYEppLr8DXmivVAKujWJVpzDCM=
-10,-26,jAJB3wwzvcjxSsSlzmVKjQR+rmQ=,b3evVgudacmOq3rGI2x27U6OROM=
-13,-24,Abt9kASfgzEwJYG30Pjrns9pTuU=,hrwEfpCUoJX2fFgDA86aHHDeA1o=
-11,-26,jAJB3wwzvcjxSsSlzmVKjQR+rmQ=,b3evVgudacmOq3rGI2x27U6OROM=
-12,-26,9xRwdLj4KkYOqnK6OYLYfzws1gA=,b3evVgudacmOq3rGI2x27U6OROM=
-10,-27,jAJB3wwzvcjxSsSlzmVKjQR+rmQ=,b3evVgudacmOq3rGI2x27U6OROM=
-11,-24,jAJB3wwzvcjxSsSlzmVKjQR+rmQ=,tIYEppLr8DXmivVAKujWJVpzDCM=
-11,-27,jAJB3wwzvcjxSsSlzmVKjQR+rmQ=,b3evVgudacmOq3rGI2x27U6OROM=
-12,-27,9xRwdLj4KkYOqnK6OYLYfzws1gA=,b3evVgudacmOq3rGI2x27U6OROM=
-10,-28,jAJB3wwzvcjxSsSlzmVKjQR+rmQ=,b3evVgudacmOq3rGI2x27U6OROM=
-11,-28,jAJB3wwzvcjxSsSlzmVKjQR+rmQ=,b3evVgudacmOq3rGI2x27U6OROM=
-13,-27,9xRwdLj4KkYOqnK6OYLYfzws1gA=,XnNWIXWdkMIGslWCeJ1D9iUXkxk=
-13,-25,Abt9kASfgzEwJYG30Pjrns9pTuU=,XnNWIXWdkMIGslWCeJ1D9iUXkxk=
-11,-25,jAJB3wwzvcjxSsSlzmVKjQR+rmQ=,b3evVgudacmOq3rGI2x27U6OROM=
-12,-28,ebWt4GNjHYUwKGxzWgdxj0fhqz4=,b3evVgudacmOq3rGI2x27U6OROM=
-10,-25,jAJB3wwzvcjxSsSlzmVKjQR+rmQ=,b3evVgudacmOq3rGI2x27U6OROM=
-13,-26,9xRwdLj4KkYOqnK6OYLYfzws1gA=,XnNWIXWdkMIGslWCeJ1D9iUXkxk=
-10,-24,jAJB3wwzvcjxSsSlzmVKjQR+rmQ=,tIYEppLr8DXmivVAKujWJVpzDCM=
-8,-28,jAJB3wwzvcjxSsSlzmVKjQR+rmQ=,t7HhQDlF3ovNoHmyXXOeeuFgaW0=
-7,-28,jQqv+R0XBJiGNFQFIGK7nFxteco=,t7HhQDlF3ovNoHmyXXOeeuFgaW0=
-9,-28,jAJB3wwzvcjxSsSlzmVKjQR+rmQ=,b3evVgudacmOq3rGI2x27U6OROM=
-6,-28,jQqv+R0XBJiGNFQFIGK7nFxteco=,t7HhQDlF3ovNoHmyXXOeeuFgaW0=
-9,-26,jAJB3wwzvcjxSsSlzmVKjQR+rmQ=,b3evVgudacmOq3rGI2x27U6OROM=
-6,-26,142eyEHIBoagZX9qEyN8829/NGA=,t7HhQDlF3ovNoHmyXXOeeuFgaW0=
-7,-26,142eyEHIBoagZX9qEyN8829/NGA=,t7HhQDlF3ovNoHmyXXOeeuFgaW0=
-8,-27,jAJB3wwzvcjxSsSlzmVKjQR+rmQ=,t7HhQDlF3ovNoHmyXXOeeuFgaW0=
-9,-27,jAJB3wwzvcjxSsSlzmVKjQR+rmQ=,b3evVgudacmOq3rGI2x27U6OROM=
-8,-26,jAJB3wwzvcjxSsSlzmVKjQR+rmQ=,t7HhQDlF3ovNoHmyXXOeeuFgaW0=
-7,-27,142eyEHIBoagZX9qEyN8829/NGA=,t7HhQDlF3ovNoHmyXXOeeuFgaW0=
-6,-27,142eyEHIBoagZX9qEyN8829/NGA=,t7HhQDlF3ovNoHmyXXOeeuFgaW0=
-6,-23,142eyEHIBoagZX9qEyN8829/NGA=,apfbQLMgFI7G2W6EQBVcutXYBEA=
-9,-22,jAJB3wwzvcjxSsSlzmVKjQR+rmQ=,tIYEppLr8DXmivVAKujWJVpzDCM=
-8,-24,jAJB3wwzvcjxSsSlzmVKjQR+rmQ=,apfbQLMgFI7G2W6EQBVcutXYBEA=
-7,-23,142eyEHIBoagZX9qEyN8829/NGA=,apfbQLMgFI7G2W6EQBVcutXYBEA=
-6,-24,142eyEHIBoagZX9qEyN8829/NGA=,apfbQLMgFI7G2W6EQBVcutXYBEA=
-7,-22,142eyEHIBoagZX9qEyN8829/NGA=,apfbQLMgFI7G2W6EQBVcutXYBEA=
-7,-24,142eyEHIBoagZX9qEyN8829/NGA=,apfbQLMgFI7G2W6EQBVcutXYBEA=
-8,-25,jAJB3wwzvcjxSsSlzmVKjQR+rmQ=,t7HhQDlF3ovNoHmyXXOeeuFgaW0=
-9,-23,jAJB3wwzvcjxSsSlzmVKjQR+rmQ=,tIYEppLr8DXmivVAKujWJVpzDCM=
-8,-23,jAJB3wwzvcjxSsSlzmVKjQR+rmQ=,apfbQLMgFI7G2W6EQBVcutXYBEA=
-8,-22,jAJB3wwzvcjxSsSlzmVKjQR+rmQ=,apfbQLMgFI7G2W6EQBVcutXYBEA=
-9,-24,jAJB3wwzvcjxSsSlzmVKjQR+rmQ=,tIYEppLr8DXmivVAKujWJVpzDCM=
-7,-25,142eyEHIBoagZX9qEyN8829/NGA=,t7HhQDlF3ovNoHmyXXOeeuFgaW0=
-6,-22,142eyEHIBoagZX9qEyN8829/NGA=,apfbQLMgFI7G2W6EQBVcutXYBEA=
-6,-25,142eyEHIBoagZX9qEyN8829/NGA=,t7HhQDlF3ovNoHmyXXOeeuFgaW0=
-9,-25,jAJB3wwzvcjxSsSlzmVKjQR+rmQ=,b3evVgudacmOq3rGI2x27U6OROM=
-3,-28,ebWt4GNjHYUwKGxzWgdxj0fhqz4=,jwNAusur1HsNYQZgS6Du6hhrvTA=
-2,-28,ebWt4GNjHYUwKGxzWgdxj0fhqz4=,jwNAusur1HsNYQZgS6Du6hhrvTA=
-4,-28,ebWt4GNjHYUwKGxzWgdxj0fhqz4=,jwNAusur1HsNYQZgS6Du6hhrvTA=
-4,-27,142eyEHIBoagZX9qEyN8829/NGA=,jwNAusur1HsNYQZgS6Du6hhrvTA=
-5,-26,142eyEHIBoagZX9qEyN8829/NGA=,t7HhQDlF3ovNoHmyXXOeeuFgaW0=
-5,-28,ebWt4GNjHYUwKGxzWgdxj0fhqz4=,t7HhQDlF3ovNoHmyXXOeeuFgaW0=
-2,-26,142eyEHIBoagZX9qEyN8829/NGA=,jwNAusur1HsNYQZgS6Du6hhrvTA=
-5,-27,142eyEHIBoagZX9qEyN8829/NGA=,t7HhQDlF3ovNoHmyXXOeeuFgaW0=
-3,-26,142eyEHIBoagZX9qEyN8829/NGA=,jwNAusur1HsNYQZgS6Du6hhrvTA=
-2,-27,142eyEHIBoagZX9qEyN8829/NGA=,jwNAusur1HsNYQZgS6Du6hhrvTA=
-4,-26,142eyEHIBoagZX9qEyN8829/NGA=,jwNAusur1HsNYQZgS6Du6hhrvTA=
-3,-27,142eyEHIBoagZX9qEyN8829/NGA=,jwNAusur1HsNYQZgS6Du6hhrvTA=
-1,-23,ebWt4GNjHYUwKGxzWgdxj0fhqz4=,syfwWHXkUI9dSK0rWOv9Tv6X2Rs=
-4,-22,142eyEHIBoagZX9qEyN8829/NGA=,syfwWHXkUI9dSK0rWOv9Tv6X2Rs=
-1,-22,ebWt4GNjHYUwKGxzWgdxj0fhqz4=,syfwWHXkUI9dSK0rWOv9Tv6X2Rs=
-4,-25,142eyEHIBoagZX9qEyN8829/NGA=,jwNAusur1HsNYQZgS6Du6hhrvTA=
-5,-23,142eyEHIBoagZX9qEyN8829/NGA=,apfbQLMgFI7G2W6EQBVcutXYBEA=
-3,-24,142eyEHIBoagZX9qEyN8829/NGA=,syfwWHXkUI9dSK0rWOv9Tv6X2Rs=
-2,-24,142eyEHIBoagZX9qEyN8829/NGA=,syfwWHXkUI9dSK0rWOv9Tv6X2Rs=
-5,-24,142eyEHIBoagZX9qEyN8829/NGA=,apfbQLMgFI7G2W6EQBVcutXYBEA=
-3,-25,142eyEHIBoagZX9qEyN8829/NGA=,jwNAusur1HsNYQZgS6Du6hhrvTA=
-4,-24,142eyEHIBoagZX9qEyN8829/NGA=,syfwWHXkUI9dSK0rWOv9Tv6X2Rs=
-3,-23,142eyEHIBoagZX9qEyN8829/NGA=,syfwWHXkUI9dSK0rWOv9Tv6X2Rs=
-2,-23,142eyEHIBoagZX9qEyN8829/NGA=,syfwWHXkUI9dSK0rWOv9Tv6X2Rs=
-3,-22,142eyEHIBoagZX9qEyN8829/NGA=,syfwWHXkUI9dSK0rWOv9Tv6X2Rs=
-2,-25,142eyEHIBoagZX9qEyN8829/NGA=,jwNAusur1HsNYQZgS6Du6hhrvTA=
-5,-22,142eyEHIBoagZX9qEyN8829/NGA=,apfbQLMgFI7G2W6EQBVcutXYBEA=
-4,-23,142eyEHIBoagZX9qEyN8829/NGA=,syfwWHXkUI9dSK0rWOv9Tv6X2Rs=
-5,-25,142eyEHIBoagZX9qEyN8829/NGA=,t7HhQDlF3ovNoHmyXXOeeuFgaW0=
-2,-22,142eyEHIBoagZX9qEyN8829/NGA=,syfwWHXkUI9dSK0rWOv9Tv6X2Rs=
-11,-17,ebWt4GNjHYUwKGxzWgdxj0fhqz4=,dqe6W9/ubWbNFCvgIKvPLtUONPU=
-10,-17,ebWt4GNjHYUwKGxzWgdxj0fhqz4=,dqe6W9/ubWbNFCvgIKvPLtUONPU=
-3,-21,ebWt4GNjHYUwKGxzWgdxj0fhqz4=,syfwWHXkUI9dSK0rWOv9Tv6X2Rs=
-2,-18,ebWt4GNjHYUwKGxzWgdxj0fhqz4=,s4G+36cmYOFm8R8wVHUZvNeEMts=
-1,-19,ebWt4GNjHYUwKGxzWgdxj0fhqz4=,s4G+36cmYOFm8R8wVHUZvNeEMts=
-2,-17,ebWt4GNjHYUwKGxzWgdxj0fhqz4=,s4G+36cmYOFm8R8wVHUZvNeEMts=
-3,-20,ebWt4GNjHYUwKGxzWgdxj0fhqz4=,s4G+36cmYOFm8R8wVHUZvNeEMts=
-2,-21,ebWt4GNjHYUwKGxzWgdxj0fhqz4=,syfwWHXkUI9dSK0rWOv9Tv6X2Rs=
-12,-17,ebWt4GNjHYUwKGxzWgdxj0fhqz4=,dqe6W9/ubWbNFCvgIKvPLtUONPU=
-1,-18,ebWt4GNjHYUwKGxzWgdxj0fhqz4=,s4G+36cmYOFm8R8wVHUZvNeEMts=
-2,-19,ebWt4GNjHYUwKGxzWgdxj0fhqz4=,s4G+36cmYOFm8R8wVHUZvNeEMts=
-3,-19,ebWt4GNjHYUwKGxzWgdxj0fhqz4=,s4G+36cmYOFm8R8wVHUZvNeEMts=
-13,-17,ebWt4GNjHYUwKGxzWgdxj0fhqz4=,ZALOJNl+HGl+TB2C17ZcqW7T1yU=
-15,-17,ebWt4GNjHYUwKGxzWgdxj0fhqz4=,ZALOJNl+HGl+TB2C17ZcqW7T1yU=
-14,-17,ebWt4GNjHYUwKGxzWgdxj0fhqz4=,ZALOJNl+HGl+TB2C17ZcqW7T1yU=
-1,-21,ebWt4GNjHYUwKGxzWgdxj0fhqz4=,syfwWHXkUI9dSK0rWOv9Tv6X2Rs=
-1,-20,ebWt4GNjHYUwKGxzWgdxj0fhqz4=,s4G+36cmYOFm8R8wVHUZvNeEMts=
-3,-18,ebWt4GNjHYUwKGxzWgdxj0fhqz4=,s4G+36cmYOFm8R8wVHUZvNeEMts=
-3,-17,ebWt4GNjHYUwKGxzWgdxj0fhqz4=,s4G+36cmYOFm8R8wVHUZvNeEMts=
-2,-20,ebWt4GNjHYUwKGxzWgdxj0fhqz4=,s4G+36cmYOFm8R8wVHUZvNeEMts=
-5,-18,ebWt4GNjHYUwKGxzWgdxj0fhqz4=,ABIfBS4/ku9DsPVzB7rCJD3WG+I=
-4,-21,ebWt4GNjHYUwKGxzWgdxj0fhqz4=,syfwWHXkUI9dSK0rWOv9Tv6X2Rs=
-9,-18,ebWt4GNjHYUwKGxzWgdxj0fhqz4=,dqe6W9/ubWbNFCvgIKvPLtUONPU=
-4,-18,ebWt4GNjHYUwKGxzWgdxj0fhqz4=,s4G+36cmYOFm8R8wVHUZvNeEMts=
-6,-18,ebWt4GNjHYUwKGxzWgdxj0fhqz4=,ABIfBS4/ku9DsPVzB7rCJD3WG+I=
-9,-19,ebWt4GNjHYUwKGxzWgdxj0fhqz4=,dqe6W9/ubWbNFCvgIKvPLtUONPU=
-4,-19,ebWt4GNjHYUwKGxzWgdxj0fhqz4=,s4G+36cmYOFm8R8wVHUZvNeEMts=
-7,-18,ebWt4GNjHYUwKGxzWgdxj0fhqz4=,ABIfBS4/ku9DsPVzB7rCJD3WG+I=
-8,-18,ebWt4GNjHYUwKGxzWgdxj0fhqz4=,ABIfBS4/ku9DsPVzB7rCJD3WG+I=
-5,-19,ebWt4GNjHYUwKGxzWgdxj0fhqz4=,ABIfBS4/ku9DsPVzB7rCJD3WG+I=
-6,-19,ebWt4GNjHYUwKGxzWgdxj0fhqz4=,ABIfBS4/ku9DsPVzB7rCJD3WG+I=
-8,-21,ebWt4GNjHYUwKGxzWgdxj0fhqz4=,apfbQLMgFI7G2W6EQBVcutXYBEA=
-7,-19,ebWt4GNjHYUwKGxzWgdxj0fhqz4=,ABIfBS4/ku9DsPVzB7rCJD3WG+I=
-9,-17,ebWt4GNjHYUwKGxzWgdxj0fhqz4=,dqe6W9/ubWbNFCvgIKvPLtUONPU=
-5,-20,ebWt4GNjHYUwKGxzWgdxj0fhqz4=,ABIfBS4/ku9DsPVzB7rCJD3WG+I=
-8,-19,ebWt4GNjHYUwKGxzWgdxj0fhqz4=,ABIfBS4/ku9DsPVzB7rCJD3WG+I=
-9,-21,ebWt4GNjHYUwKGxzWgdxj0fhqz4=,tIYEppLr8DXmivVAKujWJVpzDCM=
-6,-20,ebWt4GNjHYUwKGxzWgdxj0fhqz4=,ABIfBS4/ku9DsPVzB7rCJD3WG+I=
-9,-20,ebWt4GNjHYUwKGxzWgdxj0fhqz4=,dqe6W9/ubWbNFCvgIKvPLtUONPU=
-7,-21,ebWt4GNjHYUwKGxzWgdxj0fhqz4=,apfbQLMgFI7G2W6EQBVcutXYBEA=
-4,-20,ebWt4GNjHYUwKGxzWgdxj0fhqz4=,s4G+36cmYOFm8R8wVHUZvNeEMts=
-5,-17,ebWt4GNjHYUwKGxzWgdxj0fhqz4=,ABIfBS4/ku9DsPVzB7rCJD3WG+I=
-4,-17,ebWt4GNjHYUwKGxzWgdxj0fhqz4=,s4G+36cmYOFm8R8wVHUZvNeEMts=
-6,-17,ebWt4GNjHYUwKGxzWgdxj0fhqz4=,ABIfBS4/ku9DsPVzB7rCJD3WG+I=
-7,-20,ebWt4GNjHYUwKGxzWgdxj0fhqz4=,ABIfBS4/ku9DsPVzB7rCJD3WG+I=
-8,-17,ebWt4GNjHYUwKGxzWgdxj0fhqz4=,ABIfBS4/ku9DsPVzB7rCJD3WG+I=
-7,-17,ebWt4GNjHYUwKGxzWgdxj0fhqz4=,ABIfBS4/ku9DsPVzB7rCJD3WG+I=
-5,-21,ebWt4GNjHYUwKGxzWgdxj0fhqz4=,apfbQLMgFI7G2W6EQBVcutXYBEA=
-6,-21,ebWt4GNjHYUwKGxzWgdxj0fhqz4=,apfbQLMgFI7G2W6EQBVcutXYBEA=
-8,-20,ebWt4GNjHYUwKGxzWgdxj0fhqz4=,ABIfBS4/ku9DsPVzB7rCJD3WG+I=
-16,-18,ebWt4GNjHYUwKGxzWgdxj0fhqz4=,ZALOJNl+HGl+TB2C17ZcqW7T1yU=
-16,-19,ebWt4GNjHYUwKGxzWgdxj0fhqz4=,ZALOJNl+HGl+TB2C17ZcqW7T1yU=
-16,-17,ebWt4GNjHYUwKGxzWgdxj0fhqz4=,ZALOJNl+HGl+TB2C17ZcqW7T1yU=
-1,-17,ebWt4GNjHYUwKGxzWgdxj0fhqz4=,s4G+36cmYOFm8R8wVHUZvNeEMts=
-16,-21,ebWt4GNjHYUwKGxzWgdxj0fhqz4=,hrwEfpCUoJX2fFgDA86aHHDeA1o=
-16,-22,ebWt4GNjHYUwKGxzWgdxj0fhqz4=,hrwEfpCUoJX2fFgDA86aHHDeA1o=
-16,-23,ebWt4GNjHYUwKGxzWgdxj0fhqz4=,hrwEfpCUoJX2fFgDA86aHHDeA1o=
-16,-20,ebWt4GNjHYUwKGxzWgdxj0fhqz4=,ZALOJNl+HGl+TB2C17ZcqW7T1yU=
-16,-27,ebWt4GNjHYUwKGxzWgdxj0fhqz4=,XnNWIXWdkMIGslWCeJ1D9iUXkxk=
-16,-28,ebWt4GNjHYUwKGxzWgdxj0fhqz4=,XnNWIXWdkMIGslWCeJ1D9iUXkxk=
-16,-24,ebWt4GNjHYUwKGxzWgdxj0fhqz4=,hrwEfpCUoJX2fFgDA86aHHDeA1o=
-1,-24,ebWt4GNjHYUwKGxzWgdxj0fhqz4=,syfwWHXkUI9dSK0rWOv9Tv6X2Rs=
-16,-26,ebWt4GNjHYUwKGxzWgdxj0fhqz4=,XnNWIXWdkMIGslWCeJ1D9iUXkxk=
-16,-25,ebWt4GNjHYUwKGxzWgdxj0fhqz4=,XnNWIXWdkMIGslWCeJ1D9iUXkxk=
-1,-28,ebWt4GNjHYUwKGxzWgdxj0fhqz4=,jwNAusur1HsNYQZgS6Du6hhrvTA=
-1,-25,ebWt4GNjHYUwKGxzWgdxj0fhqz4=,jwNAusur1HsNYQZgS6Du6hhrvTA=
-1,-26,ebWt4GNjHYUwKGxzWgdxj0fhqz4=,jwNAusur1HsNYQZgS6Du6hhrvTA=
-1,-27,ebWt4GNjHYUwKGxzWgdxj0fhqz4=,jwNAusur1HsNYQZgS6Du6hhrvTA=
-30,-22,M6X6ETVDFk3qPNfj7zQQAMBkzK0=,/rcm7SqOgse20lDxmwdt36uziRI=
-30,-23,M6X6ETVDFk3qPNfj7zQQAMBkzK0=,/rcm7SqOgse20lDxmwdt36uziRI=
-18,-22,UnqLnZ6xP2K6ZBNrZSRuyRDayv8=,73wh7uxVJj9s2bORNV9zswuvYAg=
-19,-23,UnqLnZ6xP2K6ZBNrZSRuyRDayv8=,73wh7uxVJj9s2bORNV9zswuvYAg=
-19,-22,UnqLnZ6xP2K6ZBNrZSRuyRDayv8=,73wh7uxVJj9s2bORNV9zswuvYAg=
-29,-22,M6X6ETVDFk3qPNfj7zQQAMBkzK0=,/rcm7SqOgse20lDxmwdt36uziRI=
-18,-23,UnqLnZ6xP2K6ZBNrZSRuyRDayv8=,73wh7uxVJj9s2bORNV9zswuvYAg=
-29,-23,M6X6ETVDFk3qPNfj7zQQAMBkzK0=,/rcm7SqOgse20lDxmwdt36uziRI=
-26,-22,YOAwgUcMZE61JLhd3ZrQIi1WN7w=,3y2mqGnpplAP5nIKykkoSkWgwHk=
-27,-22,YOAwgUcMZE61JLhd3ZrQIi1WN7w=,3y2mqGnpplAP5nIKykkoSkWgwHk=
-28,-23,M6X6ETVDFk3qPNfj7zQQAMBkzK0=,3y2mqGnpplAP5nIKykkoSkWgwHk=
-28,-22,M6X6ETVDFk3qPNfj7zQQAMBkzK0=,3y2mqGnpplAP5nIKykkoSkWgwHk=
-26,-23,YOAwgUcMZE61JLhd3ZrQIi1WN7w=,3y2mqGnpplAP5nIKykkoSkWgwHk=
-27,-23,YOAwgUcMZE61JLhd3ZrQIi1WN7w=,3y2mqGnpplAP5nIKykkoSkWgwHk=
-24,-23,YOAwgUcMZE61JLhd3ZrQIi1WN7w=,lfY3fZM9qefb0A7O7SvaqBqbdaY=
-25,-22,YOAwgUcMZE61JLhd3ZrQIi1WN7w=,3y2mqGnpplAP5nIKykkoSkWgwHk=
-21,-22,UnqLnZ6xP2K6ZBNrZSRuyRDayv8=,lfY3fZM9qefb0A7O7SvaqBqbdaY=
-25,-23,YOAwgUcMZE61JLhd3ZrQIi1WN7w=,3y2mqGnpplAP5nIKykkoSkWgwHk=
-23,-23,+LMGOvaZ3EkNbXQJRqg8PEBePjc=,lfY3fZM9qefb0A7O7SvaqBqbdaY=
-22,-22,+LMGOvaZ3EkNbXQJRqg8PEBePjc=,lfY3fZM9qefb0A7O7SvaqBqbdaY=
-20,-22,UnqLnZ6xP2K6ZBNrZSRuyRDayv8=,73wh7uxVJj9s2bORNV9zswuvYAg=
-23,-22,+LMGOvaZ3EkNbXQJRqg8PEBePjc=,lfY3fZM9qefb0A7O7SvaqBqbdaY=
-22,-23,+LMGOvaZ3EkNbXQJRqg8PEBePjc=,lfY3fZM9qefb0A7O7SvaqBqbdaY=
-21,-23,UnqLnZ6xP2K6ZBNrZSRuyRDayv8=,lfY3fZM9qefb0A7O7SvaqBqbdaY=
-24,-22,YOAwgUcMZE61JLhd3ZrQIi1WN7w=,lfY3fZM9qefb0A7O7SvaqBqbdaY=
-20,-23,UnqLnZ6xP2K6ZBNrZSRuyRDayv8=,73wh7uxVJj9s2bORNV9zswuvYAg=
-26,-26,M6X6ETVDFk3qPNfj7zQQAMBkzK0=,W8UGuZi8XPKyGqBIInKGVdx5W2Y=
-27,-25,M6X6ETVDFk3qPNfj7zQQAMBkzK0=,W8UGuZi8XPKyGqBIInKGVdx5W2Y=
-27,-26,M6X6ETVDFk3qPNfj7zQQAMBkzK0=,W8UGuZi8XPKyGqBIInKGVdx5W2Y=
-26,-24,M6X6ETVDFk3qPNfj7zQQAMBkzK0=,3y2mqGnpplAP5nIKykkoSkWgwHk=
-26,-27,M6X6ETVDFk3qPNfj7zQQAMBkzK0=,W8UGuZi8XPKyGqBIInKGVdx5W2Y=
-26,-28,M6X6ETVDFk3qPNfj7zQQAMBkzK0=,W8UGuZi8XPKyGqBIInKGVdx5W2Y=
-27,-24,M6X6ETVDFk3qPNfj7zQQAMBkzK0=,3y2mqGnpplAP5nIKykkoSkWgwHk=
-27,-28,M6X6ETVDFk3qPNfj7zQQAMBkzK0=,W8UGuZi8XPKyGqBIInKGVdx5W2Y=
-26,-25,M6X6ETVDFk3qPNfj7zQQAMBkzK0=,W8UGuZi8XPKyGqBIInKGVdx5W2Y=
-27,-27,M6X6ETVDFk3qPNfj7zQQAMBkzK0=,W8UGuZi8XPKyGqBIInKGVdx5W2Y=
-24,-25,M6X6ETVDFk3qPNfj7zQQAMBkzK0=,8On7zjEjAV1OYzJJDchmaEq+JVA=
-25,-26,M6X6ETVDFk3qPNfj7zQQAMBkzK0=,W8UGuZi8XPKyGqBIInKGVdx5W2Y=
-23,-27,+LMGOvaZ3EkNbXQJRqg8PEBePjc=,8On7zjEjAV1OYzJJDchmaEq+JVA=
-25,-24,M6X6ETVDFk3qPNfj7zQQAMBkzK0=,3y2mqGnpplAP5nIKykkoSkWgwHk=
-25,-27,M6X6ETVDFk3qPNfj7zQQAMBkzK0=,W8UGuZi8XPKyGqBIInKGVdx5W2Y=
-22,-28,+LMGOvaZ3EkNbXQJRqg8PEBePjc=,8On7zjEjAV1OYzJJDchmaEq+JVA=
-23,-26,+LMGOvaZ3EkNbXQJRqg8PEBePjc=,8On7zjEjAV1OYzJJDchmaEq+JVA=
-25,-28,M6X6ETVDFk3qPNfj7zQQAMBkzK0=,W8UGuZi8XPKyGqBIInKGVdx5W2Y=
-23,-28,+LMGOvaZ3EkNbXQJRqg8PEBePjc=,8On7zjEjAV1OYzJJDchmaEq+JVA=
-22,-26,+LMGOvaZ3EkNbXQJRqg8PEBePjc=,8On7zjEjAV1OYzJJDchmaEq+JVA=
-24,-28,M6X6ETVDFk3qPNfj7zQQAMBkzK0=,8On7zjEjAV1OYzJJDchmaEq+JVA=
-22,-24,+LMGOvaZ3EkNbXQJRqg8PEBePjc=,lfY3fZM9qefb0A7O7SvaqBqbdaY=
-24,-26,M6X6ETVDFk3qPNfj7zQQAMBkzK0=,8On7zjEjAV1OYzJJDchmaEq+JVA=
-22,-25,+LMGOvaZ3EkNbXQJRqg8PEBePjc=,8On7zjEjAV1OYzJJDchmaEq+JVA=
-25,-25,M6X6ETVDFk3qPNfj7zQQAMBkzK0=,W8UGuZi8XPKyGqBIInKGVdx5W2Y=
-24,-24,M6X6ETVDFk3qPNfj7zQQAMBkzK0=,lfY3fZM9qefb0A7O7SvaqBqbdaY=
-24,-27,M6X6ETVDFk3qPNfj7zQQAMBkzK0=,8On7zjEjAV1OYzJJDchmaEq+JVA=
-23,-24,+LMGOvaZ3EkNbXQJRqg8PEBePjc=,lfY3fZM9qefb0A7O7SvaqBqbdaY=
-23,-25,+LMGOvaZ3EkNbXQJRqg8PEBePjc=,8On7zjEjAV1OYzJJDchmaEq+JVA=
-22,-27,+LMGOvaZ3EkNbXQJRqg8PEBePjc=,8On7zjEjAV1OYzJJDchmaEq+JVA=
-18,-20,Bovo/QecLVehe8wbMftK1gFhln4=,n5DSJn6SUrwR3BsPGPTTTeGuZ+Y=
-18,-18,Bovo/QecLVehe8wbMftK1gFhln4=,n5DSJn6SUrwR3BsPGPTTTeGuZ+Y=
-19,-18,Bovo/QecLVehe8wbMftK1gFhln4=,n5DSJn6SUrwR3BsPGPTTTeGuZ+Y=
-18,-19,Bovo/QecLVehe8wbMftK1gFhln4=,n5DSJn6SUrwR3BsPGPTTTeGuZ+Y=
-19,-21,Bovo/QecLVehe8wbMftK1gFhln4=,73wh7uxVJj9s2bORNV9zswuvYAg=
-19,-20,Bovo/QecLVehe8wbMftK1gFhln4=,n5DSJn6SUrwR3BsPGPTTTeGuZ+Y=
-18,-21,Bovo/QecLVehe8wbMftK1gFhln4=,73wh7uxVJj9s2bORNV9zswuvYAg=
-19,-19,Bovo/QecLVehe8wbMftK1gFhln4=,n5DSJn6SUrwR3BsPGPTTTeGuZ+Y=
-20,-20,Bovo/QecLVehe8wbMftK1gFhln4=,n5DSJn6SUrwR3BsPGPTTTeGuZ+Y=
-21,-18,Bovo/QecLVehe8wbMftK1gFhln4=,KQxUTEeqI5Dpn1uOLxRAwz7sLaw=
-22,-18,Bovo/QecLVehe8wbMftK1gFhln4=,KQxUTEeqI5Dpn1uOLxRAwz7sLaw=
-20,-19,Bovo/QecLVehe8wbMftK1gFhln4=,n5DSJn6SUrwR3BsPGPTTTeGuZ+Y=
-23,-18,Bovo/QecLVehe8wbMftK1gFhln4=,KQxUTEeqI5Dpn1uOLxRAwz7sLaw=
-21,-19,Bovo/QecLVehe8wbMftK1gFhln4=,KQxUTEeqI5Dpn1uOLxRAwz7sLaw=
-23,-21,Bovo/QecLVehe8wbMftK1gFhln4=,lfY3fZM9qefb0A7O7SvaqBqbdaY=
-23,-19,Bovo/QecLVehe8wbMftK1gFhln4=,KQxUTEeqI5Dpn1uOLxRAwz7sLaw=
-22,-19,Bovo/QecLVehe8wbMftK1gFhln4=,KQxUTEeqI5Dpn1uOLxRAwz7sLaw=
-21,-20,Bovo/QecLVehe8wbMftK1gFhln4=,KQxUTEeqI5Dpn1uOLxRAwz7sLaw=
-22,-20,Bovo/QecLVehe8wbMftK1gFhln4=,KQxUTEeqI5Dpn1uOLxRAwz7sLaw=
-22,-21,Bovo/QecLVehe8wbMftK1gFhln4=,lfY3fZM9qefb0A7O7SvaqBqbdaY=
-20,-18,Bovo/QecLVehe8wbMftK1gFhln4=,n5DSJn6SUrwR3BsPGPTTTeGuZ+Y=
-23,-20,Bovo/QecLVehe8wbMftK1gFhln4=,KQxUTEeqI5Dpn1uOLxRAwz7sLaw=
-21,-21,Bovo/QecLVehe8wbMftK1gFhln4=,lfY3fZM9qefb0A7O7SvaqBqbdaY=
-20,-21,Bovo/QecLVehe8wbMftK1gFhln4=,73wh7uxVJj9s2bORNV9zswuvYAg=
-23,-17,M6X6ETVDFk3qPNfj7zQQAMBkzK0=,KQxUTEeqI5Dpn1uOLxRAwz7sLaw=
-22,-17,M6X6ETVDFk3qPNfj7zQQAMBkzK0=,KQxUTEeqI5Dpn1uOLxRAwz7sLaw=
-17,-22,M6X6ETVDFk3qPNfj7zQQAMBkzK0=,73wh7uxVJj9s2bORNV9zswuvYAg=
-17,-23,M6X6ETVDFk3qPNfj7zQQAMBkzK0=,73wh7uxVJj9s2bORNV9zswuvYAg=
-17,-20,M6X6ETVDFk3qPNfj7zQQAMBkzK0=,n5DSJn6SUrwR3BsPGPTTTeGuZ+Y=
-17,-18,M6X6ETVDFk3qPNfj7zQQAMBkzK0=,n5DSJn6SUrwR3BsPGPTTTeGuZ+Y=
-17,-19,M6X6ETVDFk3qPNfj7zQQAMBkzK0=,n5DSJn6SUrwR3BsPGPTTTeGuZ+Y=
-17,-21,M6X6ETVDFk3qPNfj7zQQAMBkzK0=,73wh7uxVJj9s2bORNV9zswuvYAg=
-20,-17,M6X6ETVDFk3qPNfj7zQQAMBkzK0=,n5DSJn6SUrwR3BsPGPTTTeGuZ+Y=
-21,-17,M6X6ETVDFk3qPNfj7zQQAMBkzK0=,KQxUTEeqI5Dpn1uOLxRAwz7sLaw=
-18,-17,M6X6ETVDFk3qPNfj7zQQAMBkzK0=,n5DSJn6SUrwR3BsPGPTTTeGuZ+Y=
-19,-17,M6X6ETVDFk3qPNfj7zQQAMBkzK0=,n5DSJn6SUrwR3BsPGPTTTeGuZ+Y=
-17,-17,M6X6ETVDFk3qPNfj7zQQAMBkzK0=,n5DSJn6SUrwR3BsPGPTTTeGuZ+Y=
-20,-27,+LMGOvaZ3EkNbXQJRqg8PEBePjc=,DcwrfR5YuqCIDB6/XGV5RHs2BGk=
-17,-27,M6X6ETVDFk3qPNfj7zQQAMBkzK0=,DcwrfR5YuqCIDB6/XGV5RHs2BGk=
-19,-28,M6X6ETVDFk3qPNfj7zQQAMBkzK0=,DcwrfR5YuqCIDB6/XGV5RHs2BGk=
-17,-28,M6X6ETVDFk3qPNfj7zQQAMBkzK0=,DcwrfR5YuqCIDB6/XGV5RHs2BGk=
-17,-24,M6X6ETVDFk3qPNfj7zQQAMBkzK0=,73wh7uxVJj9s2bORNV9zswuvYAg=
-19,-24,UnqLnZ6xP2K6ZBNrZSRuyRDayv8=,73wh7uxVJj9s2bORNV9zswuvYAg=
-18,-24,UnqLnZ6xP2K6ZBNrZSRuyRDayv8=,73wh7uxVJj9s2bORNV9zswuvYAg=
-17,-26,M6X6ETVDFk3qPNfj7zQQAMBkzK0=,DcwrfR5YuqCIDB6/XGV5RHs2BGk=
-20,-28,M6X6ETVDFk3qPNfj7zQQAMBkzK0=,DcwrfR5YuqCIDB6/XGV5RHs2BGk=
-18,-27,+LMGOvaZ3EkNbXQJRqg8PEBePjc=,DcwrfR5YuqCIDB6/XGV5RHs2BGk=
-20,-24,UnqLnZ6xP2K6ZBNrZSRuyRDayv8=,73wh7uxVJj9s2bORNV9zswuvYAg=
-21,-26,+LMGOvaZ3EkNbXQJRqg8PEBePjc=,8On7zjEjAV1OYzJJDchmaEq+JVA=
-18,-26,+LMGOvaZ3EkNbXQJRqg8PEBePjc=,DcwrfR5YuqCIDB6/XGV5RHs2BGk=
-21,-28,M6X6ETVDFk3qPNfj7zQQAMBkzK0=,8On7zjEjAV1OYzJJDchmaEq+JVA=
-18,-28,M6X6ETVDFk3qPNfj7zQQAMBkzK0=,DcwrfR5YuqCIDB6/XGV5RHs2BGk=
-19,-27,+LMGOvaZ3EkNbXQJRqg8PEBePjc=,DcwrfR5YuqCIDB6/XGV5RHs2BGk=
-19,-26,+LMGOvaZ3EkNbXQJRqg8PEBePjc=,DcwrfR5YuqCIDB6/XGV5RHs2BGk=
-20,-26,+LMGOvaZ3EkNbXQJRqg8PEBePjc=,DcwrfR5YuqCIDB6/XGV5RHs2BGk=
-21,-24,UnqLnZ6xP2K6ZBNrZSRuyRDayv8=,lfY3fZM9qefb0A7O7SvaqBqbdaY=
-21,-25,UnqLnZ6xP2K6ZBNrZSRuyRDayv8=,8On7zjEjAV1OYzJJDchmaEq+JVA=
-18,-25,UnqLnZ6xP2K6ZBNrZSRuyRDayv8=,DcwrfR5YuqCIDB6/XGV5RHs2BGk=
-21,-27,+LMGOvaZ3EkNbXQJRqg8PEBePjc=,8On7zjEjAV1OYzJJDchmaEq+JVA=
-19,-25,UnqLnZ6xP2K6ZBNrZSRuyRDayv8=,DcwrfR5YuqCIDB6/XGV5RHs2BGk=
-17,-25,M6X6ETVDFk3qPNfj7zQQAMBkzK0=,DcwrfR5YuqCIDB6/XGV5RHs2BGk=
-20,-25,UnqLnZ6xP2K6ZBNrZSRuyRDayv8=,DcwrfR5YuqCIDB6/XGV5RHs2BGk=
-30,-21,M6X6ETVDFk3qPNfj7zQQAMBkzK0=,/rcm7SqOgse20lDxmwdt36uziRI=
-30,-17,M6X6ETVDFk3qPNfj7zQQAMBkzK0=,OAVIXXnkBKfGcriWgL2G/We2OZE=
-30,-18,M6X6ETVDFk3qPNfj7zQQAMBkzK0=,OAVIXXnkBKfGcriWgL2G/We2OZE=
-30,-20,M6X6ETVDFk3qPNfj7zQQAMBkzK0=,OAVIXXnkBKfGcriWgL2G/We2OZE=
-30,-19,M6X6ETVDFk3qPNfj7zQQAMBkzK0=,OAVIXXnkBKfGcriWgL2G/We2OZE=
-28,-25,M6X6ETVDFk3qPNfj7zQQAMBkzK0=,W8UGuZi8XPKyGqBIInKGVdx5W2Y=
-30,-24,M6X6ETVDFk3qPNfj7zQQAMBkzK0=,/rcm7SqOgse20lDxmwdt36uziRI=
-29,-24,M6X6ETVDFk3qPNfj7zQQAMBkzK0=,/rcm7SqOgse20lDxmwdt36uziRI=
-29,-27,M6X6ETVDFk3qPNfj7zQQAMBkzK0=,TXaCR/VXqIkiOlCO6Tcie2x2dlE=
-29,-28,M6X6ETVDFk3qPNfj7zQQAMBkzK0=,TXaCR/VXqIkiOlCO6Tcie2x2dlE=
-30,-27,M6X6ETVDFk3qPNfj7zQQAMBkzK0=,TXaCR/VXqIkiOlCO6Tcie2x2dlE=
-30,-28,M6X6ETVDFk3qPNfj7zQQAMBkzK0=,TXaCR/VXqIkiOlCO6Tcie2x2dlE=
-28,-26,M6X6ETVDFk3qPNfj7zQQAMBkzK0=,W8UGuZi8XPKyGqBIInKGVdx5W2Y=
-28,-24,M6X6ETVDFk3qPNfj7zQQAMBkzK0=,3y2mqGnpplAP5nIKykkoSkWgwHk=
-30,-25,M6X6ETVDFk3qPNfj7zQQAMBkzK0=,TXaCR/VXqIkiOlCO6Tcie2x2dlE=
-29,-25,M6X6ETVDFk3qPNfj7zQQAMBkzK0=,TXaCR/VXqIkiOlCO6Tcie2x2dlE=
-28,-27,M6X6ETVDFk3qPNfj7zQQAMBkzK0=,W8UGuZi8XPKyGqBIInKGVdx5W2Y=
-28,-28,M6X6ETVDFk3qPNfj7zQQAMBkzK0=,W8UGuZi8XPKyGqBIInKGVdx5W2Y=
-30,-26,M6X6ETVDFk3qPNfj7zQQAMBkzK0=,TXaCR/VXqIkiOlCO6Tcie2x2dlE=
-29,-26,M6X6ETVDFk3qPNfj7zQQAMBkzK0=,TXaCR/VXqIkiOlCO6Tcie2x2dlE=
-25,-18,Bovo/QecLVehe8wbMftK1gFhln4=,188jcRTtd7Yfg/aMgT0/sSTh8Ro=
-28,-18,M6X6ETVDFk3qPNfj7zQQAMBkzK0=,188jcRTtd7Yfg/aMgT0/sSTh8Ro=
-25,-19,Bovo/QecLVehe8wbMftK1gFhln4=,188jcRTtd7Yfg/aMgT0/sSTh8Ro=
-28,-17,M6X6ETVDFk3qPNfj7zQQAMBkzK0=,188jcRTtd7Yfg/aMgT0/sSTh8Ro=
-26,-18,Bovo/QecLVehe8wbMftK1gFhln4=,188jcRTtd7Yfg/aMgT0/sSTh8Ro=
-27,-18,Bovo/QecLVehe8wbMftK1gFhln4=,188jcRTtd7Yfg/aMgT0/sSTh8Ro=
-24,-18,Bovo/QecLVehe8wbMftK1gFhln4=,KQxUTEeqI5Dpn1uOLxRAwz7sLaw=
-24,-19,Bovo/QecLVehe8wbMftK1gFhln4=,KQxUTEeqI5Dpn1uOLxRAwz7sLaw=
-26,-19,Bovo/QecLVehe8wbMftK1gFhln4=,188jcRTtd7Yfg/aMgT0/sSTh8Ro=
-29,-18,M6X6ETVDFk3qPNfj7zQQAMBkzK0=,OAVIXXnkBKfGcriWgL2G/We2OZE=
-27,-17,M6X6ETVDFk3qPNfj7zQQAMBkzK0=,188jcRTtd7Yfg/aMgT0/sSTh8Ro=
-29,-17,M6X6ETVDFk3qPNfj7zQQAMBkzK0=,OAVIXXnkBKfGcriWgL2G/We2OZE=
-29,-19,M6X6ETVDFk3qPNfj7zQQAMBkzK0=,OAVIXXnkBKfGcriWgL2G/We2OZE=
-25,-17,M6X6ETVDFk3qPNfj7zQQAMBkzK0=,188jcRTtd7Yfg/aMgT0/sSTh8Ro=
-29,-20,M6X6ETVDFk3qPNfj7zQQAMBkzK0=,OAVIXXnkBKfGcriWgL2G/We2OZE=
-25,-21,YOAwgUcMZE61JLhd3ZrQIi1WN7w=,3y2mqGnpplAP5nIKykkoSkWgwHk=
-26,-21,YOAwgUcMZE61JLhd3ZrQIi1WN7w=,3y2mqGnpplAP5nIKykkoSkWgwHk=
-27,-21,YOAwgUcMZE61JLhd3ZrQIi1WN7w=,3y2mqGnpplAP5nIKykkoSkWgwHk=
-26,-17,M6X6ETVDFk3qPNfj7zQQAMBkzK0=,188jcRTtd7Yfg/aMgT0/sSTh8Ro=
-29,-21,M6X6ETVDFk3qPNfj7zQQAMBkzK0=,/rcm7SqOgse20lDxmwdt36uziRI=
-24,-17,M6X6ETVDFk3qPNfj7zQQAMBkzK0=,KQxUTEeqI5Dpn1uOLxRAwz7sLaw=
-27,-19,Bovo/QecLVehe8wbMftK1gFhln4=,188jcRTtd7Yfg/aMgT0/sSTh8Ro=
-24,-20,YOAwgUcMZE61JLhd3ZrQIi1WN7w=,KQxUTEeqI5Dpn1uOLxRAwz7sLaw=
-28,-19,M6X6ETVDFk3qPNfj7zQQAMBkzK0=,188jcRTtd7Yfg/aMgT0/sSTh8Ro=
-25,-20,YOAwgUcMZE61JLhd3ZrQIi1WN7w=,188jcRTtd7Yfg/aMgT0/sSTh8Ro=
-26,-20,YOAwgUcMZE61JLhd3ZrQIi1WN7w=,188jcRTtd7Yfg/aMgT0/sSTh8Ro=
-28,-21,M6X6ETVDFk3qPNfj7zQQAMBkzK0=,3y2mqGnpplAP5nIKykkoSkWgwHk=
-27,-20,YOAwgUcMZE61JLhd3ZrQIi1WN7w=,188jcRTtd7Yfg/aMgT0/sSTh8Ro=
-28,-20,M6X6ETVDFk3qPNfj7zQQAMBkzK0=,188jcRTtd7Yfg/aMgT0/sSTh8Ro=
-24,-21,YOAwgUcMZE61JLhd3ZrQIi1WN7w=,lfY3fZM9qefb0A7O7SvaqBqbdaY=
-23,-6,8OBbohxRXOBqWjLe4he107NZ3ao=,K6IEHMS60EGpgCzPa5TIc2JGmiU=
-22,-6,8OBbohxRXOBqWjLe4he107NZ3ao=,K6IEHMS60EGpgCzPa5TIc2JGmiU=
-22,-7,8OBbohxRXOBqWjLe4he107NZ3ao=,K6IEHMS60EGpgCzPa5TIc2JGmiU=
-23,-7,Zlku4XZ1d9WNn0QKUdXQDGLghPI=,K6IEHMS60EGpgCzPa5TIc2JGmiU=
-27,-3,VFa35LNhP5aicMRIltwuh+6qsL0=,O6h0g7+t8rx/VwNmBLiQTLeecUk=
-26,-2,VFa35LNhP5aicMRIltwuh+6qsL0=,O6h0g7+t8rx/VwNmBLiQTLeecUk=
-27,-2,VFa35LNhP5aicMRIltwuh+6qsL0=,O6h0g7+t8rx/VwNmBLiQTLeecUk=
-26,-3,VFa35LNhP5aicMRIltwuh+6qsL0=,O6h0g7+t8rx/VwNmBLiQTLeecUk=
-24,-7,Zlku4XZ1d9WNn0QKUdXQDGLghPI=,K6IEHMS60EGpgCzPa5TIc2JGmiU=
-25,-3,8OBbohxRXOBqWjLe4he107NZ3ao=,O6h0g7+t8rx/VwNmBLiQTLeecUk=
-24,-2,8OBbohxRXOBqWjLe4he107NZ3ao=,/5keLEIfY3wVusuMJotvZJ2YILc=
-25,-6,8OBbohxRXOBqWjLe4he107NZ3ao=,eGTAcvpZYZafjDXo0N9zW0hNTJQ=
-22,-3,8OBbohxRXOBqWjLe4he107NZ3ao=,/5keLEIfY3wVusuMJotvZJ2YILc=
-26,-6,VFa35LNhP5aicMRIltwuh+6qsL0=,eGTAcvpZYZafjDXo0N9zW0hNTJQ=
-24,-6,8OBbohxRXOBqWjLe4he107NZ3ao=,K6IEHMS60EGpgCzPa5TIc2JGmiU=
-23,-2,8OBbohxRXOBqWjLe4he107NZ3ao=,/5keLEIfY3wVusuMJotvZJ2YILc=
-25,-2,Zlku4XZ1d9WNn0QKUdXQDGLghPI=,O6h0g7+t8rx/VwNmBLiQTLeecUk=
-25,-4,8OBbohxRXOBqWjLe4he107NZ3ao=,O6h0g7+t8rx/VwNmBLiQTLeecUk=
-23,-3,8OBbohxRXOBqWjLe4he107NZ3ao=,/5keLEIfY3wVusuMJotvZJ2YILc=
-24,-3,8OBbohxRXOBqWjLe4he107NZ3ao=,/5keLEIfY3wVusuMJotvZJ2YILc=
-27,-5,VFa35LNhP5aicMRIltwuh+6qsL0=,eGTAcvpZYZafjDXo0N9zW0hNTJQ=
-22,-2,8OBbohxRXOBqWjLe4he107NZ3ao=,/5keLEIfY3wVusuMJotvZJ2YILc=
-23,-4,8OBbohxRXOBqWjLe4he107NZ3ao=,/5keLEIfY3wVusuMJotvZJ2YILc=
-22,-4,8OBbohxRXOBqWjLe4he107NZ3ao=,/5keLEIfY3wVusuMJotvZJ2YILc=
-26,-5,VFa35LNhP5aicMRIltwuh+6qsL0=,eGTAcvpZYZafjDXo0N9zW0hNTJQ=
-24,-5,8OBbohxRXOBqWjLe4he107NZ3ao=,K6IEHMS60EGpgCzPa5TIc2JGmiU=
-24,-4,8OBbohxRXOBqWjLe4he107NZ3ao=,/5keLEIfY3wVusuMJotvZJ2YILc=
-27,-6,VFa35LNhP5aicMRIltwuh+6qsL0=,eGTAcvpZYZafjDXo0N9zW0hNTJQ=
-25,-5,8OBbohxRXOBqWjLe4he107NZ3ao=,eGTAcvpZYZafjDXo0N9zW0hNTJQ=
-22,-5,8OBbohxRXOBqWjLe4he107NZ3ao=,K6IEHMS60EGpgCzPa5TIc2JGmiU=
-23,-5,8OBbohxRXOBqWjLe4he107NZ3ao=,K6IEHMS60EGpgCzPa5TIc2JGmiU=
-27,-7,VFa35LNhP5aicMRIltwuh+6qsL0=,eGTAcvpZYZafjDXo0N9zW0hNTJQ=
-27,-4,VFa35LNhP5aicMRIltwuh+6qsL0=,O6h0g7+t8rx/VwNmBLiQTLeecUk=
-26,-4,VFa35LNhP5aicMRIltwuh+6qsL0=,O6h0g7+t8rx/VwNmBLiQTLeecUk=
-26,-7,VFa35LNhP5aicMRIltwuh+6qsL0=,eGTAcvpZYZafjDXo0N9zW0hNTJQ=
-25,-7,8OBbohxRXOBqWjLe4he107NZ3ao=,eGTAcvpZYZafjDXo0N9zW0hNTJQ=
-19,-7,8OBbohxRXOBqWjLe4he107NZ3ao=,t88EL05AS5uAK1v8nOUWPM43k9M=
-18,-7,8OBbohxRXOBqWjLe4he107NZ3ao=,t88EL05AS5uAK1v8nOUWPM43k9M=
-18,-6,8OBbohxRXOBqWjLe4he107NZ3ao=,t88EL05AS5uAK1v8nOUWPM43k9M=
-21,-6,8OBbohxRXOBqWjLe4he107NZ3ao=,K6IEHMS60EGpgCzPa5TIc2JGmiU=
-21,-7,8OBbohxRXOBqWjLe4he107NZ3ao=,K6IEHMS60EGpgCzPa5TIc2JGmiU=
-20,-7,8OBbohxRXOBqWjLe4he107NZ3ao=,t88EL05AS5uAK1v8nOUWPM43k9M=
-19,-6,8OBbohxRXOBqWjLe4he107NZ3ao=,t88EL05AS5uAK1v8nOUWPM43k9M=
-18,-11,5plLAFHOmADWI1E48T0LsuXFXGo=,thWZPzXoGby+pgNCXbFneDylPAo=
-20,-6,8OBbohxRXOBqWjLe4he107NZ3ao=,t88EL05AS5uAK1v8nOUWPM43k9M=
-18,-8,5plLAFHOmADWI1E48T0LsuXFXGo=,t88EL05AS5uAK1v8nOUWPM43k9M=
-19,-8,5plLAFHOmADWI1E48T0LsuXFXGo=,t88EL05AS5uAK1v8nOUWPM43k9M=
-19,-11,5plLAFHOmADWI1E48T0LsuXFXGo=,thWZPzXoGby+pgNCXbFneDylPAo=
-20,-5,8OBbohxRXOBqWjLe4he107NZ3ao=,t88EL05AS5uAK1v8nOUWPM43k9M=
-18,-9,5plLAFHOmADWI1E48T0LsuXFXGo=,thWZPzXoGby+pgNCXbFneDylPAo=
-19,-10,5plLAFHOmADWI1E48T0LsuXFXGo=,thWZPzXoGby+pgNCXbFneDylPAo=
-18,-10,5plLAFHOmADWI1E48T0LsuXFXGo=,thWZPzXoGby+pgNCXbFneDylPAo=
-19,-9,5plLAFHOmADWI1E48T0LsuXFXGo=,thWZPzXoGby+pgNCXbFneDylPAo=
-21,-3,8OBbohxRXOBqWjLe4he107NZ3ao=,/5keLEIfY3wVusuMJotvZJ2YILc=
-18,-2,8OBbohxRXOBqWjLe4he107NZ3ao=,ewhKBy2xH7QzL+gJhJx3f5SBxpQ=
-20,-2,8OBbohxRXOBqWjLe4he107NZ3ao=,ewhKBy2xH7QzL+gJhJx3f5SBxpQ=
-20,-4,8OBbohxRXOBqWjLe4he107NZ3ao=,ewhKBy2xH7QzL+gJhJx3f5SBxpQ=
-21,-4,8OBbohxRXOBqWjLe4he107NZ3ao=,/5keLEIfY3wVusuMJotvZJ2YILc=
-18,-5,8OBbohxRXOBqWjLe4he107NZ3ao=,t88EL05AS5uAK1v8nOUWPM43k9M=
-19,-2,8OBbohxRXOBqWjLe4he107NZ3ao=,ewhKBy2xH7QzL+gJhJx3f5SBxpQ=
-19,-5,8OBbohxRXOBqWjLe4he107NZ3ao=,t88EL05AS5uAK1v8nOUWPM43k9M=
-18,-3,8OBbohxRXOBqWjLe4he107NZ3ao=,ewhKBy2xH7QzL+gJhJx3f5SBxpQ=
-19,-3,8OBbohxRXOBqWjLe4he107NZ3ao=,ewhKBy2xH7QzL+gJhJx3f5SBxpQ=
-20,-3,8OBbohxRXOBqWjLe4he107NZ3ao=,ewhKBy2xH7QzL+gJhJx3f5SBxpQ=
-21,-5,8OBbohxRXOBqWjLe4he107NZ3ao=,K6IEHMS60EGpgCzPa5TIc2JGmiU=
-19,-4,8OBbohxRXOBqWjLe4he107NZ3ao=,ewhKBy2xH7QzL+gJhJx3f5SBxpQ=
-21,-2,8OBbohxRXOBqWjLe4he107NZ3ao=,/5keLEIfY3wVusuMJotvZJ2YILc=
-18,-4,8OBbohxRXOBqWjLe4he107NZ3ao=,ewhKBy2xH7QzL+gJhJx3f5SBxpQ=
-21,-8,5plLAFHOmADWI1E48T0LsuXFXGo=,K6IEHMS60EGpgCzPa5TIc2JGmiU=
-23,-11,5plLAFHOmADWI1E48T0LsuXFXGo=,QWAOahl2qhLDD7/qFsG2E23Uq3E=
-23,-8,5plLAFHOmADWI1E48T0LsuXFXGo=,K6IEHMS60EGpgCzPa5TIc2JGmiU=
-22,-8,5plLAFHOmADWI1E48T0LsuXFXGo=,K6IEHMS60EGpgCzPa5TIc2JGmiU=
-22,-9,5plLAFHOmADWI1E48T0LsuXFXGo=,QWAOahl2qhLDD7/qFsG2E23Uq3E=
-21,-9,5plLAFHOmADWI1E48T0LsuXFXGo=,QWAOahl2qhLDD7/qFsG2E23Uq3E=
-20,-8,5plLAFHOmADWI1E48T0LsuXFXGo=,t88EL05AS5uAK1v8nOUWPM43k9M=
-22,-11,5plLAFHOmADWI1E48T0LsuXFXGo=,QWAOahl2qhLDD7/qFsG2E23Uq3E=
-20,-11,5plLAFHOmADWI1E48T0LsuXFXGo=,thWZPzXoGby+pgNCXbFneDylPAo=
-20,-9,5plLAFHOmADWI1E48T0LsuXFXGo=,thWZPzXoGby+pgNCXbFneDylPAo=
-21,-11,5plLAFHOmADWI1E48T0LsuXFXGo=,QWAOahl2qhLDD7/qFsG2E23Uq3E=
-20,-10,5plLAFHOmADWI1E48T0LsuXFXGo=,thWZPzXoGby+pgNCXbFneDylPAo=
-23,-9,5plLAFHOmADWI1E48T0LsuXFXGo=,QWAOahl2qhLDD7/qFsG2E23Uq3E=
-21,-10,5plLAFHOmADWI1E48T0LsuXFXGo=,QWAOahl2qhLDD7/qFsG2E23Uq3E=
-22,-10,5plLAFHOmADWI1E48T0LsuXFXGo=,QWAOahl2qhLDD7/qFsG2E23Uq3E=
-23,-10,5plLAFHOmADWI1E48T0LsuXFXGo=,QWAOahl2qhLDD7/qFsG2E23Uq3E=
-22,-13,nHqhyu6rBiOJfOkzpQJukAH3OuA=,CxJgmfa5CJ3S0LLFIuSiHHFavTw=
-22,-15,nHqhyu6rBiOJfOkzpQJukAH3OuA=,CxJgmfa5CJ3S0LLFIuSiHHFavTw=
-23,-12,nHqhyu6rBiOJfOkzpQJukAH3OuA=,QWAOahl2qhLDD7/qFsG2E23Uq3E=
-23,-15,nHqhyu6rBiOJfOkzpQJukAH3OuA=,CxJgmfa5CJ3S0LLFIuSiHHFavTw=
-23,-13,nHqhyu6rBiOJfOkzpQJukAH3OuA=,CxJgmfa5CJ3S0LLFIuSiHHFavTw=
-22,-12,nHqhyu6rBiOJfOkzpQJukAH3OuA=,QWAOahl2qhLDD7/qFsG2E23Uq3E=
-22,-14,nHqhyu6rBiOJfOkzpQJukAH3OuA=,CxJgmfa5CJ3S0LLFIuSiHHFavTw=
-23,-14,nHqhyu6rBiOJfOkzpQJukAH3OuA=,CxJgmfa5CJ3S0LLFIuSiHHFavTw=
-24,-11,a9m2Wg3+bJV7Iyf6LorsOIlVji0=,QWAOahl2qhLDD7/qFsG2E23Uq3E=
-27,-9,a9m2Wg3+bJV7Iyf6LorsOIlVji0=,H4hANdpBh2Mbo3Qk8L96tNCDoJ8=
-25,-10,a9m2Wg3+bJV7Iyf6LorsOIlVji0=,H4hANdpBh2Mbo3Qk8L96tNCDoJ8=
-24,-8,a9m2Wg3+bJV7Iyf6LorsOIlVji0=,K6IEHMS60EGpgCzPa5TIc2JGmiU=
-18,-12,nHqhyu6rBiOJfOkzpQJukAH3OuA=,thWZPzXoGby+pgNCXbFneDylPAo=
-19,-12,nHqhyu6rBiOJfOkzpQJukAH3OuA=,thWZPzXoGby+pgNCXbFneDylPAo=
-26,-10,a9m2Wg3+bJV7Iyf6LorsOIlVji0=,H4hANdpBh2Mbo3Qk8L96tNCDoJ8=
-27,-11,a9m2Wg3+bJV7Iyf6LorsOIlVji0=,H4hANdpBh2Mbo3Qk8L96tNCDoJ8=
-20,-12,nHqhyu6rBiOJfOkzpQJukAH3OuA=,thWZPzXoGby+pgNCXbFneDylPAo=
-21,-15,nHqhyu6rBiOJfOkzpQJukAH3OuA=,CxJgmfa5CJ3S0LLFIuSiHHFavTw=
-21,-12,nHqhyu6rBiOJfOkzpQJukAH3OuA=,QWAOahl2qhLDD7/qFsG2E23Uq3E=
-21,-13,nHqhyu6rBiOJfOkzpQJukAH3OuA=,CxJgmfa5CJ3S0LLFIuSiHHFavTw=
-18,-13,nHqhyu6rBiOJfOkzpQJukAH3OuA=,Z6tkDS5hpwldV0g4FJ879AxrtUE=
-26,-9,a9m2Wg3+bJV7Iyf6LorsOIlVji0=,H4hANdpBh2Mbo3Qk8L96tNCDoJ8=
-19,-13,nHqhyu6rBiOJfOkzpQJukAH3OuA=,Z6tkDS5hpwldV0g4FJ879AxrtUE=
-27,-10,a9m2Wg3+bJV7Iyf6LorsOIlVji0=,H4hANdpBh2Mbo3Qk8L96tNCDoJ8=
-20,-15,nHqhyu6rBiOJfOkzpQJukAH3OuA=,Z6tkDS5hpwldV0g4FJ879AxrtUE=
-21,-14,nHqhyu6rBiOJfOkzpQJukAH3OuA=,CxJgmfa5CJ3S0LLFIuSiHHFavTw=
-24,-10,a9m2Wg3+bJV7Iyf6LorsOIlVji0=,QWAOahl2qhLDD7/qFsG2E23Uq3E=
-25,-8,a9m2Wg3+bJV7Iyf6LorsOIlVji0=,eGTAcvpZYZafjDXo0N9zW0hNTJQ=
-26,-8,a9m2Wg3+bJV7Iyf6LorsOIlVji0=,eGTAcvpZYZafjDXo0N9zW0hNTJQ=
-19,-15,nHqhyu6rBiOJfOkzpQJukAH3OuA=,Z6tkDS5hpwldV0g4FJ879AxrtUE=
-27,-8,a9m2Wg3+bJV7Iyf6LorsOIlVji0=,eGTAcvpZYZafjDXo0N9zW0hNTJQ=
-26,-11,a9m2Wg3+bJV7Iyf6LorsOIlVji0=,H4hANdpBh2Mbo3Qk8L96tNCDoJ8=
-20,-13,nHqhyu6rBiOJfOkzpQJukAH3OuA=,Z6tkDS5hpwldV0g4FJ879AxrtUE=
-24,-9,a9m2Wg3+bJV7Iyf6LorsOIlVji0=,QWAOahl2qhLDD7/qFsG2E23Uq3E=
-25,-9,a9m2Wg3+bJV7Iyf6LorsOIlVji0=,H4hANdpBh2Mbo3Qk8L96tNCDoJ8=
-18,-15,nHqhyu6rBiOJfOkzpQJukAH3OuA=,Z6tkDS5hpwldV0g4FJ879AxrtUE=
-25,-11,a9m2Wg3+bJV7Iyf6LorsOIlVji0=,H4hANdpBh2Mbo3Qk8L96tNCDoJ8=
-18,-14,nHqhyu6rBiOJfOkzpQJukAH3OuA=,Z6tkDS5hpwldV0g4FJ879AxrtUE=
-20,-14,nHqhyu6rBiOJfOkzpQJukAH3OuA=,Z6tkDS5hpwldV0g4FJ879AxrtUE=
-19,-14,nHqhyu6rBiOJfOkzpQJukAH3OuA=,Z6tkDS5hpwldV0g4FJ879AxrtUE=
-24,-12,nHqhyu6rBiOJfOkzpQJukAH3OuA=,QWAOahl2qhLDD7/qFsG2E23Uq3E=
-25,-14,nHqhyu6rBiOJfOkzpQJukAH3OuA=,3iCGFfPAglZPRfdGsouWmhoAe1g=
-26,-14,a9m2Wg3+bJV7Iyf6LorsOIlVji0=,3iCGFfPAglZPRfdGsouWmhoAe1g=
-27,-14,a9m2Wg3+bJV7Iyf6LorsOIlVji0=,3iCGFfPAglZPRfdGsouWmhoAe1g=
-25,-12,nHqhyu6rBiOJfOkzpQJukAH3OuA=,H4hANdpBh2Mbo3Qk8L96tNCDoJ8=
-25,-15,nHqhyu6rBiOJfOkzpQJukAH3OuA=,3iCGFfPAglZPRfdGsouWmhoAe1g=
-24,-14,nHqhyu6rBiOJfOkzpQJukAH3OuA=,CxJgmfa5CJ3S0LLFIuSiHHFavTw=
-26,-15,a9m2Wg3+bJV7Iyf6LorsOIlVji0=,3iCGFfPAglZPRfdGsouWmhoAe1g=
-24,-15,nHqhyu6rBiOJfOkzpQJukAH3OuA=,CxJgmfa5CJ3S0LLFIuSiHHFavTw=
-26,-12,a9m2Wg3+bJV7Iyf6LorsOIlVji0=,H4hANdpBh2Mbo3Qk8L96tNCDoJ8=
-27,-12,a9m2Wg3+bJV7Iyf6LorsOIlVji0=,H4hANdpBh2Mbo3Qk8L96tNCDoJ8=
-27,-13,a9m2Wg3+bJV7Iyf6LorsOIlVji0=,3iCGFfPAglZPRfdGsouWmhoAe1g=
-25,-13,nHqhyu6rBiOJfOkzpQJukAH3OuA=,3iCGFfPAglZPRfdGsouWmhoAe1g=
-24,-13,nHqhyu6rBiOJfOkzpQJukAH3OuA=,CxJgmfa5CJ3S0LLFIuSiHHFavTw=
-27,-15,a9m2Wg3+bJV7Iyf6LorsOIlVji0=,3iCGFfPAglZPRfdGsouWmhoAe1g=
-26,-13,a9m2Wg3+bJV7Iyf6LorsOIlVji0=,3iCGFfPAglZPRfdGsouWmhoAe1g=
-26,-16,nHqhyu6rBiOJfOkzpQJukAH3OuA=,3iCGFfPAglZPRfdGsouWmhoAe1g=
-27,-16,nHqhyu6rBiOJfOkzpQJukAH3OuA=,3iCGFfPAglZPRfdGsouWmhoAe1g=
-28,-11,nHqhyu6rBiOJfOkzpQJukAH3OuA=,H4hANdpBh2Mbo3Qk8L96tNCDoJ8=
-29,-10,nHqhyu6rBiOJfOkzpQJukAH3OuA=,1CcRm9L0kDDlnvBXb7QMdZKfHOM=
-29,-11,nHqhyu6rBiOJfOkzpQJukAH3OuA=,1CcRm9L0kDDlnvBXb7QMdZKfHOM=
-30,-10,nHqhyu6rBiOJfOkzpQJukAH3OuA=,1CcRm9L0kDDlnvBXb7QMdZKfHOM=
-30,-11,nHqhyu6rBiOJfOkzpQJukAH3OuA=,1CcRm9L0kDDlnvBXb7QMdZKfHOM=
-28,-10,nHqhyu6rBiOJfOkzpQJukAH3OuA=,H4hANdpBh2Mbo3Qk8L96tNCDoJ8=
-30,-14,nHqhyu6rBiOJfOkzpQJukAH3OuA=,aWX5dtKYQ3YG98iv2J4Txr+xatM=
-28,-14,nHqhyu6rBiOJfOkzpQJukAH3OuA=,3iCGFfPAglZPRfdGsouWmhoAe1g=
-29,-15,nHqhyu6rBiOJfOkzpQJukAH3OuA=,aWX5dtKYQ3YG98iv2J4Txr+xatM=
-28,-12,nHqhyu6rBiOJfOkzpQJukAH3OuA=,H4hANdpBh2Mbo3Qk8L96tNCDoJ8=
-30,-15,nHqhyu6rBiOJfOkzpQJukAH3OuA=,aWX5dtKYQ3YG98iv2J4Txr+xatM=
-29,-14,nHqhyu6rBiOJfOkzpQJukAH3OuA=,aWX5dtKYQ3YG98iv2J4Txr+xatM=
-29,-12,nHqhyu6rBiOJfOkzpQJukAH3OuA=,1CcRm9L0kDDlnvBXb7QMdZKfHOM=
-30,-12,nHqhyu6rBiOJfOkzpQJukAH3OuA=,1CcRm9L0kDDlnvBXb7QMdZKfHOM=
-29,-13,nHqhyu6rBiOJfOkzpQJukAH3OuA=,aWX5dtKYQ3YG98iv2J4Txr+xatM=
-28,-13,nHqhyu6rBiOJfOkzpQJukAH3OuA=,3iCGFfPAglZPRfdGsouWmhoAe1g=
-30,-13,nHqhyu6rBiOJfOkzpQJukAH3OuA=,aWX5dtKYQ3YG98iv2J4Txr+xatM=
-28,-15,nHqhyu6rBiOJfOkzpQJukAH3OuA=,3iCGFfPAglZPRfdGsouWmhoAe1g=
-30,-16,nHqhyu6rBiOJfOkzpQJukAH3OuA=,aWX5dtKYQ3YG98iv2J4Txr+xatM=
-29,-16,nHqhyu6rBiOJfOkzpQJukAH3OuA=,aWX5dtKYQ3YG98iv2J4Txr+xatM=
-28,-16,nHqhyu6rBiOJfOkzpQJukAH3OuA=,3iCGFfPAglZPRfdGsouWmhoAe1g=
-30,-7,VFa35LNhP5aicMRIltwuh+6qsL0=,UkBeSoZs/ukwLxoabHGWa6zz5is=
-29,-8,nHqhyu6rBiOJfOkzpQJukAH3OuA=,UkBeSoZs/ukwLxoabHGWa6zz5is=
-29,-7,VFa35LNhP5aicMRIltwuh+6qsL0=,UkBeSoZs/ukwLxoabHGWa6zz5is=
-30,-8,nHqhyu6rBiOJfOkzpQJukAH3OuA=,UkBeSoZs/ukwLxoabHGWa6zz5is=
-30,-6,VFa35LNhP5aicMRIltwuh+6qsL0=,UkBeSoZs/ukwLxoabHGWa6zz5is=
-29,-9,nHqhyu6rBiOJfOkzpQJukAH3OuA=,1CcRm9L0kDDlnvBXb7QMdZKfHOM=
-28,-6,VFa35LNhP5aicMRIltwuh+6qsL0=,eGTAcvpZYZafjDXo0N9zW0hNTJQ=
-28,-9,nHqhyu6rBiOJfOkzpQJukAH3OuA=,H4hANdpBh2Mbo3Qk8L96tNCDoJ8=
-30,-9,nHqhyu6rBiOJfOkzpQJukAH3OuA=,1CcRm9L0kDDlnvBXb7QMdZKfHOM=
-28,-7,VFa35LNhP5aicMRIltwuh+6qsL0=,eGTAcvpZYZafjDXo0N9zW0hNTJQ=
-30,-2,VFa35LNhP5aicMRIltwuh+6qsL0=,KZnoIFiSXo0hhrMbkmSbNDYH6EA=
-29,-6,VFa35LNhP5aicMRIltwuh+6qsL0=,UkBeSoZs/ukwLxoabHGWa6zz5is=
-28,-8,nHqhyu6rBiOJfOkzpQJukAH3OuA=,eGTAcvpZYZafjDXo0N9zW0hNTJQ=
-29,-3,VFa35LNhP5aicMRIltwuh+6qsL0=,KZnoIFiSXo0hhrMbkmSbNDYH6EA=
-29,-4,VFa35LNhP5aicMRIltwuh+6qsL0=,KZnoIFiSXo0hhrMbkmSbNDYH6EA=
-30,-3,VFa35LNhP5aicMRIltwuh+6qsL0=,KZnoIFiSXo0hhrMbkmSbNDYH6EA=
-29,-1,nHqhyu6rBiOJfOkzpQJukAH3OuA=,KZnoIFiSXo0hhrMbkmSbNDYH6EA=
-29,-2,VFa35LNhP5aicMRIltwuh+6qsL0=,KZnoIFiSXo0hhrMbkmSbNDYH6EA=
-30,-4,VFa35LNhP5aicMRIltwuh+6qsL0=,KZnoIFiSXo0hhrMbkmSbNDYH6EA=
-28,-1,nHqhyu6rBiOJfOkzpQJukAH3OuA=,O6h0g7+t8rx/VwNmBLiQTLeecUk=
-29,-5,VFa35LNhP5aicMRIltwuh+6qsL0=,UkBeSoZs/ukwLxoabHGWa6zz5is=
-28,-5,VFa35LNhP5aicMRIltwuh+6qsL0=,eGTAcvpZYZafjDXo0N9zW0hNTJQ=
-28,-4,VFa35LNhP5aicMRIltwuh+6qsL0=,O6h0g7+t8rx/VwNmBLiQTLeecUk=
-28,-2,VFa35LNhP5aicMRIltwuh+6qsL0=,O6h0g7+t8rx/VwNmBLiQTLeecUk=
-30,-5,VFa35LNhP5aicMRIltwuh+6qsL0=,UkBeSoZs/ukwLxoabHGWa6zz5is=
-28,-3,VFa35LNhP5aicMRIltwuh+6qsL0=,O6h0g7+t8rx/VwNmBLiQTLeecUk=
-30,-1,nHqhyu6rBiOJfOkzpQJukAH3OuA=,KZnoIFiSXo0hhrMbkmSbNDYH6EA=
-27,-1,nHqhyu6rBiOJfOkzpQJukAH3OuA=,O6h0g7+t8rx/VwNmBLiQTLeecUk=
-26,-1,nHqhyu6rBiOJfOkzpQJukAH3OuA=,O6h0g7+t8rx/VwNmBLiQTLeecUk=
-25,-1,nHqhyu6rBiOJfOkzpQJukAH3OuA=,O6h0g7+t8rx/VwNmBLiQTLeecUk=
-22,-1,nHqhyu6rBiOJfOkzpQJukAH3OuA=,/5keLEIfY3wVusuMJotvZJ2YILc=
-24,-1,nHqhyu6rBiOJfOkzpQJukAH3OuA=,/5keLEIfY3wVusuMJotvZJ2YILc=
-23,-1,nHqhyu6rBiOJfOkzpQJukAH3OuA=,/5keLEIfY3wVusuMJotvZJ2YILc=
-20,-1,nHqhyu6rBiOJfOkzpQJukAH3OuA=,ewhKBy2xH7QzL+gJhJx3f5SBxpQ=
-21,-1,nHqhyu6rBiOJfOkzpQJukAH3OuA=,/5keLEIfY3wVusuMJotvZJ2YILc=
-19,-1,nHqhyu6rBiOJfOkzpQJukAH3OuA=,ewhKBy2xH7QzL+gJhJx3f5SBxpQ=
-18,-1,nHqhyu6rBiOJfOkzpQJukAH3OuA=,ewhKBy2xH7QzL+gJhJx3f5SBxpQ=
-17,-3,nHqhyu6rBiOJfOkzpQJukAH3OuA=,ewhKBy2xH7QzL+gJhJx3f5SBxpQ=
-17,-2,nHqhyu6rBiOJfOkzpQJukAH3OuA=,ewhKBy2xH7QzL+gJhJx3f5SBxpQ=
-17,-6,nHqhyu6rBiOJfOkzpQJukAH3OuA=,t88EL05AS5uAK1v8nOUWPM43k9M=
-17,-7,nHqhyu6rBiOJfOkzpQJukAH3OuA=,t88EL05AS5uAK1v8nOUWPM43k9M=
-17,-4,nHqhyu6rBiOJfOkzpQJukAH3OuA=,ewhKBy2xH7QzL+gJhJx3f5SBxpQ=
-17,-10,nHqhyu6rBiOJfOkzpQJukAH3OuA=,thWZPzXoGby+pgNCXbFneDylPAo=
-17,-5,nHqhyu6rBiOJfOkzpQJukAH3OuA=,t88EL05AS5uAK1v8nOUWPM43k9M=
-17,-9,nHqhyu6rBiOJfOkzpQJukAH3OuA=,thWZPzXoGby+pgNCXbFneDylPAo=
-17,-8,nHqhyu6rBiOJfOkzpQJukAH3OuA=,t88EL05AS5uAK1v8nOUWPM43k9M=
-17,-11,nHqhyu6rBiOJfOkzpQJukAH3OuA=,thWZPzXoGby+pgNCXbFneDylPAo=
-17,-1,nHqhyu6rBiOJfOkzpQJukAH3OuA=,ewhKBy2xH7QzL+gJhJx3f5SBxpQ=
-17,-12,nHqhyu6rBiOJfOkzpQJukAH3OuA=,thWZPzXoGby+pgNCXbFneDylPAo=
-17,-14,nHqhyu6rBiOJfOkzpQJukAH3OuA=,Z6tkDS5hpwldV0g4FJ879AxrtUE=
-17,-15,nHqhyu6rBiOJfOkzpQJukAH3OuA=,Z6tkDS5hpwldV0g4FJ879AxrtUE=
-18,-16,nHqhyu6rBiOJfOkzpQJukAH3OuA=,Z6tkDS5hpwldV0g4FJ879AxrtUE=
-17,-13,nHqhyu6rBiOJfOkzpQJukAH3OuA=,Z6tkDS5hpwldV0g4FJ879AxrtUE=
-22,-16,nHqhyu6rBiOJfOkzpQJukAH3OuA=,CxJgmfa5CJ3S0LLFIuSiHHFavTw=
-19,-16,nHqhyu6rBiOJfOkzpQJukAH3OuA=,Z6tkDS5hpwldV0g4FJ879AxrtUE=
-24,-16,nHqhyu6rBiOJfOkzpQJukAH3OuA=,CxJgmfa5CJ3S0LLFIuSiHHFavTw=
-21,-16,nHqhyu6rBiOJfOkzpQJukAH3OuA=,CxJgmfa5CJ3S0LLFIuSiHHFavTw=
-25,-16,nHqhyu6rBiOJfOkzpQJukAH3OuA=,3iCGFfPAglZPRfdGsouWmhoAe1g=
-20,-16,nHqhyu6rBiOJfOkzpQJukAH3OuA=,Z6tkDS5hpwldV0g4FJ879AxrtUE=
-17,-16,nHqhyu6rBiOJfOkzpQJukAH3OuA=,Z6tkDS5hpwldV0g4FJ879AxrtUE=
-23,-16,nHqhyu6rBiOJfOkzpQJukAH3OuA=,CxJgmfa5CJ3S0LLFIuSiHHFavTw=
-7,-29,jQqv+R0XBJiGNFQFIGK7nFxteco=,7n5s0RJpuTQ74fJ+g2ry8VdJ9b0=
-6,-29,jQqv+R0XBJiGNFQFIGK7nFxteco=,7n5s0RJpuTQ74fJ+g2ry8VdJ9b0=
-9,-29,jAJB3wwzvcjxSsSlzmVKjQR+rmQ=,N8ZEx+8GQI0AI3ZtQA7X94m13wM=
-8,-29,jAJB3wwzvcjxSsSlzmVKjQR+rmQ=,7n5s0RJpuTQ74fJ+g2ry8VdJ9b0=
-10,-29,jAJB3wwzvcjxSsSlzmVKjQR+rmQ=,N8ZEx+8GQI0AI3ZtQA7X94m13wM=
-11,-29,jAJB3wwzvcjxSsSlzmVKjQR+rmQ=,N8ZEx+8GQI0AI3ZtQA7X94m13wM=
-1,-29,ebWt4GNjHYUwKGxzWgdxj0fhqz4=,ZFjd1k3DFKo1bMfyt9SZxn7S3dU=
-4,-29,ebWt4GNjHYUwKGxzWgdxj0fhqz4=,ZFjd1k3DFKo1bMfyt9SZxn7S3dU=
-2,-29,ebWt4GNjHYUwKGxzWgdxj0fhqz4=,ZFjd1k3DFKo1bMfyt9SZxn7S3dU=
-5,-29,ebWt4GNjHYUwKGxzWgdxj0fhqz4=,7n5s0RJpuTQ74fJ+g2ry8VdJ9b0=
-3,-29,ebWt4GNjHYUwKGxzWgdxj0fhqz4=,ZFjd1k3DFKo1bMfyt9SZxn7S3dU=
-13,-29,ebWt4GNjHYUwKGxzWgdxj0fhqz4=,o0S3QDPM1SaGwtxzBlwWN1vHS7o=
-16,-29,ebWt4GNjHYUwKGxzWgdxj0fhqz4=,o0S3QDPM1SaGwtxzBlwWN1vHS7o=
-14,-29,ebWt4GNjHYUwKGxzWgdxj0fhqz4=,o0S3QDPM1SaGwtxzBlwWN1vHS7o=
-15,-29,ebWt4GNjHYUwKGxzWgdxj0fhqz4=,o0S3QDPM1SaGwtxzBlwWN1vHS7o=
-12,-29,ebWt4GNjHYUwKGxzWgdxj0fhqz4=,N8ZEx+8GQI0AI3ZtQA7X94m13wM=
-22,-29,+LMGOvaZ3EkNbXQJRqg8PEBePjc=,jYYmF42UV4WZTgAg6h9PwozLStE=
-23,-29,+LMGOvaZ3EkNbXQJRqg8PEBePjc=,jYYmF42UV4WZTgAg6h9PwozLStE=
-31,-22,M6X6ETVDFk3qPNfj7zQQAMBkzK0=,/rcm7SqOgse20lDxmwdt36uziRI=
-31,-23,M6X6ETVDFk3qPNfj7zQQAMBkzK0=,/rcm7SqOgse20lDxmwdt36uziRI=
-31,-26,M6X6ETVDFk3qPNfj7zQQAMBkzK0=,TXaCR/VXqIkiOlCO6Tcie2x2dlE=
-31,-24,M6X6ETVDFk3qPNfj7zQQAMBkzK0=,/rcm7SqOgse20lDxmwdt36uziRI=
-31,-25,M6X6ETVDFk3qPNfj7zQQAMBkzK0=,TXaCR/VXqIkiOlCO6Tcie2x2dlE=
-31,-27,M6X6ETVDFk3qPNfj7zQQAMBkzK0=,TXaCR/VXqIkiOlCO6Tcie2x2dlE=
-31,-29,M6X6ETVDFk3qPNfj7zQQAMBkzK0=,xph4jMFIvrqN4ubhXMfbMkmhKVI=
-30,-29,M6X6ETVDFk3qPNfj7zQQAMBkzK0=,xph4jMFIvrqN4ubhXMfbMkmhKVI=
-31,-28,M6X6ETVDFk3qPNfj7zQQAMBkzK0=,TXaCR/VXqIkiOlCO6Tcie2x2dlE=
-25,-29,M6X6ETVDFk3qPNfj7zQQAMBkzK0=,Zdody+kBDV8oUHlOxFeZg4BU43s=
-24,-29,M6X6ETVDFk3qPNfj7zQQAMBkzK0=,jYYmF42UV4WZTgAg6h9PwozLStE=
-27,-29,M6X6ETVDFk3qPNfj7zQQAMBkzK0=,Zdody+kBDV8oUHlOxFeZg4BU43s=
-29,-29,M6X6ETVDFk3qPNfj7zQQAMBkzK0=,xph4jMFIvrqN4ubhXMfbMkmhKVI=
-26,-29,M6X6ETVDFk3qPNfj7zQQAMBkzK0=,Zdody+kBDV8oUHlOxFeZg4BU43s=
-28,-29,M6X6ETVDFk3qPNfj7zQQAMBkzK0=,Zdody+kBDV8oUHlOxFeZg4BU43s=
-18,-29,M6X6ETVDFk3qPNfj7zQQAMBkzK0=,cjxIDBMKOE0SHk/i1xxN3+Kfjw4=
-21,-29,M6X6ETVDFk3qPNfj7zQQAMBkzK0=,jYYmF42UV4WZTgAg6h9PwozLStE=
-19,-29,M6X6ETVDFk3qPNfj7zQQAMBkzK0=,cjxIDBMKOE0SHk/i1xxN3+Kfjw4=
-20,-29,M6X6ETVDFk3qPNfj7zQQAMBkzK0=,cjxIDBMKOE0SHk/i1xxN3+Kfjw4=
-17,-29,M6X6ETVDFk3qPNfj7zQQAMBkzK0=,cjxIDBMKOE0SHk/i1xxN3+Kfjw4=
-31,-20,M6X6ETVDFk3qPNfj7zQQAMBkzK0=,OAVIXXnkBKfGcriWgL2G/We2OZE=
-31,-19,M6X6ETVDFk3qPNfj7zQQAMBkzK0=,OAVIXXnkBKfGcriWgL2G/We2OZE=
-31,-21,M6X6ETVDFk3qPNfj7zQQAMBkzK0=,/rcm7SqOgse20lDxmwdt36uziRI=
-31,-17,M6X6ETVDFk3qPNfj7zQQAMBkzK0=,OAVIXXnkBKfGcriWgL2G/We2OZE=
-31,-18,M6X6ETVDFk3qPNfj7zQQAMBkzK0=,OAVIXXnkBKfGcriWgL2G/We2OZE=
-31,-7,VFa35LNhP5aicMRIltwuh+6qsL0=,UkBeSoZs/ukwLxoabHGWa6zz5is=
-31,-4,VFa35LNhP5aicMRIltwuh+6qsL0=,KZnoIFiSXo0hhrMbkmSbNDYH6EA=
-31,-6,VFa35LNhP5aicMRIltwuh+6qsL0=,UkBeSoZs/ukwLxoabHGWa6zz5is=
-31,-3,VFa35LNhP5aicMRIltwuh+6qsL0=,KZnoIFiSXo0hhrMbkmSbNDYH6EA=
-31,-2,VFa35LNhP5aicMRIltwuh+6qsL0=,KZnoIFiSXo0hhrMbkmSbNDYH6EA=
-31,-5,VFa35LNhP5aicMRIltwuh+6qsL0=,UkBeSoZs/ukwLxoabHGWa6zz5is=
-31,-10,nHqhyu6rBiOJfOkzpQJukAH3OuA=,1CcRm9L0kDDlnvBXb7QMdZKfHOM=
-31,-8,nHqhyu6rBiOJfOkzpQJukAH3OuA=,UkBeSoZs/ukwLxoabHGWa6zz5is=
-31,-11,nHqhyu6rBiOJfOkzpQJukAH3OuA=,1CcRm9L0kDDlnvBXb7QMdZKfHOM=
-31,-9,nHqhyu6rBiOJfOkzpQJukAH3OuA=,1CcRm9L0kDDlnvBXb7QMdZKfHOM=
-31,-16,nHqhyu6rBiOJfOkzpQJukAH3OuA=,aWX5dtKYQ3YG98iv2J4Txr+xatM=
-31,-12,nHqhyu6rBiOJfOkzpQJukAH3OuA=,1CcRm9L0kDDlnvBXb7QMdZKfHOM=
-31,-13,nHqhyu6rBiOJfOkzpQJukAH3OuA=,aWX5dtKYQ3YG98iv2J4Txr+xatM=
-31,-14,nHqhyu6rBiOJfOkzpQJukAH3OuA=,aWX5dtKYQ3YG98iv2J4Txr+xatM=
-31,-15,nHqhyu6rBiOJfOkzpQJukAH3OuA=,aWX5dtKYQ3YG98iv2J4Txr+xatM=
-31,-1,nHqhyu6rBiOJfOkzpQJukAH3OuA=,KZnoIFiSXo0hhrMbkmSbNDYH6EA=
